일련번호,관리번호,공원명,공원유형,시설명,소재지도로명주소,군구명,소재지지번주소,위도,경도,공원면적,주민운동시설,유희시설,편의시설,교양시설,기타시설,고시일,관리기관명,전화번호,X좌표,Y좌표,출처,비고
1,28170-00001,수봉공원,근린공원,배드민턴장,인천광역시 미추홀구 주안동 660-241,미추홀구,인천광역시 미추홀구 수봉북로 47,37.4600454,126.6641289,332694,"배드민턴장,농구장,궁도장,양궁장","조합놀이대,흔들놀이기구","도서관,매점,화장실",자연학습원,"현충탑,전망대,인공폭포",1944-01-08,인천광역시 미추홀구청,032-880-4504,170206.5857,540317.1644,인천광역시 미추홀구청,
2,28170-00002,석바위공원,근린공원,게이트볼장,인천광역시 미추홀구 주안동 1578,미추홀구,인천광역시 미추홀구 구월남로 38,37.453979,126.693932,47005,"게이트볼장,배드민턴장","조합놀이대,흔들놀이기구","도서관,노인정,화장실",,,1944-01-08,인천광역시 미추홀구청,032-880-4504,172916.3256,539407.031,인천광역시 미추홀구청,
3,28170-00002,석바위공원,근린공원,배드민턴장,인천광역시 미추홀구 주안동 1578,미추홀구,인천광역시 미추홀구 구월남로 38,37.453979,126.693932,47005,"게이트볼장,배드민턴장","조합놀이대,흔들놀이기구","도서관,노인정,화장실",,,1944-01-08,인천광역시 미추홀구청,032-880-4504,172954.8935,539416.2348,인천광역시 미추홀구청,
4,28170-00003,미추홀공원,근린공원,게이트볼장,인천광역시 미추홀구 주안동 824,미추홀구,인천광역시 미추홀구 학익소로13번길 46,37.446177,126.670551,38950,"게이트볼장,배드민턴장","조합놀이대,흔들놀이기구","주차장,화장실",,분수대,1944-01-08,인천광역시 미추홀구청,032-880-4504,170851.4628,538411.8183,인천광역시 미추홀구청,
5,28170-00003,미추홀공원,근린공원,배드민턴장,인천광역시 미추홀구 주안동 824,미추홀구,인천광역시 미추홀구 학익소로13번길 46,37.446177,126.670551,38950,"게이트볼장,배드민턴장","조합놀이대,흔들놀이기구","주차장,화장실",,분수대,1944-01-08,인천광역시 미추홀구청,032-880-4504,170802.6647,538641.0829,인천광역시 미추홀구청,
6,28170-00008,용정공원,근린공원,배드민턴장,인천광역시 미추홀구 용현동 615-1,미추홀구,인천광역시 미추홀구 낙섬동로 68-26,37.449962,126.641642,29552,"배드민턴장,농구장",,화장실,야생초화원,인공폭포,2002-05-09,인천광역시 미추홀구청,032-880-4504,168342.2755,539083.5789,인천광역시 미추홀구청,
7,28170-00008,용정공원,근린공원,농구장,인천광역시 미추홀구 용현동 615-1,미추홀구,인천광역시 미추홀구 낙섬동로 68-26,37.449962,126.641642,29552,"배드민턴장,농구장",,화장실,야생초화원,인공폭포,2002-05-09,인천광역시 미추홀구청,032-880-4504,168338.4945,539129.5722,인천광역시 미추홀구청,
8,28170-00043,재넘이공원,어린이공원,농구장,인천광역시 미추홀구 학익동 336-5,미추홀구,인천광역시 미추홀구 학익동336-5,37.447261,126.660626,12069,농구장,"조합놀이대,흔들놀이기구,그네",,,,1944-01-08,인천광역시 미추홀구청,032-880-4504,169959.6439,538718.8041,인천광역시 미추홀구청,
9,28170-00064,도천공원,어린이공원,농구장,인천광역시 미추홀구 문학동 351-1,미추홀구,인천광역시 미추홀구 문학동351-1,37.438873,126.678271,1800,농구장,"조합놀이대,흔들놀이기구,그네",,,,1990-04-30,인천광역시 미추홀구청,032-880-4504,171514.6753,537779.4976,인천광역시 미추홀구청,
10,28170-00065,삼호공원,어린이공원,농구장,인천광역시 미추홀구 문학동 360,미추홀구,인천광역시 미추홀구 문학동360,37.437982,126.680301,3933,농구장,"조합놀이대,흔들놀이기구,그네",,,,1990-04-30,인천광역시 미추홀구청,032-880-4504,171693.1809,537652.996,인천광역시 미추홀구청,
11,28170-00084,도담어린이공원,어린이공원,농구장,인천광역시 미추홀구 용현동 604-1,미추홀구,인천광역시 미추홀구 독배로 319,37.4470025,126.6436748,4578,농구장,조합놀이대,화장실,,,2012-01-25,인천광역시 미추홀구청,032-880-4504,168430.5131,538682.3691,인천광역시 미추홀구청,
12,28170-00001,수봉공원,근린공원,배드민턴장,인천광역시 미추홀구 주안동 660-241,미추홀구,인천광역시 미추홀구 수봉북로 47,37.4600454,126.6641289,332694,"배드민턴장,농구장,궁도장,양궁장","조합놀이대,흔들놀이기구","도서관,매점,화장실",자연학습원,"현충탑,전망대,인공폭포",1944-01-08,인천광역시 미추홀구청,032-880-4504,170197.4196,540199.0693,인천광역시 미추홀구청,
13,28170-00001,수봉공원,근린공원,배드민턴장,인천광역시 미추홀구 주안동 660-241,미추홀구,인천광역시 미추홀구 수봉북로 47,37.4600454,126.6641289,332694,"배드민턴장,농구장,궁도장,양궁장","조합놀이대,흔들놀이기구","도서관,매점,화장실",자연학습원,"현충탑,전망대,인공폭포",1944-01-08,인천광역시 미추홀구청,032-880-4504,170307.4099,540021.4715,인천광역시 미추홀구청,
14,28170-00002,석바위공원,근린공원,배드민턴장,인천광역시 미추홀구 주안동 1578,미추홀구,인천광역시 미추홀구 구월남로 38,37.453979,126.693932,47005,"게이트볼장,배드민턴장","조합놀이대,흔들놀이기구","도서관,노인정,화장실",,,1944-01-08,인천광역시 미추홀구청,032-880-4504,172885.2895,539564.6152,인천광역시 미추홀구청,
15,28170-00009,제2용정공원,근린공원,풋살장,인천광역시 미추홀구 용현동 294-5,미추홀구,인천광역시 미추홀구 용정공원로28,37.450413,126.644408,29246,풋살장,,,,,2010-05-31,인천광역시 미추홀구청,032-880-4504,168407.1989,539125.7285,인천광역시 미추홀구청,족구장->풋살장 변경
16,28140-00010,화수13공원,어린이공원,야외운동기구,인천광역시 동구 송화로 42번길,동구,인천광역시 동구 화평동 1-5번지,37.480399,126.633242,262,"트리플트위스트,스텝사이클","조합놀이대,모래놀이터",,,의자,1998-07-20,인천광역시 동구청,032-770-6205,167555.2777,542401.346,인천광역시 동구청,
17,28140-00011,창영공원,어린이공원,야외운동기구,인천광역시 동구 우각로 26,동구,인천광역시 동구 창영동 21-15번지,37.470735,126.639082,1019.8,"허리돌리기,마라톤운동,몸통돌리기","조합놀이대,흔들놀이",음수대,,"파고라,의자,앉음벽",1999-08-02,인천광역시 동구청,032-770-6205,168080.5932,541322.8685,인천광역시 동구청,
18,28140-00028,괭이부리소공원,소공원,야외운동기구,인천광역시 동구 화도진로 186,동구,인천광역시 동구 만석동 7-16번지,37.485564,126.623328,365.1,"전신하늘걷기,다리쭉뻗치기",,,,의자,2013-03-04,인천광역시 동구청,032-770-6205,166701.0738,542966.8903,인천광역시 동구청,
19,28140-00002,화도진공원,근린공원,야외운동기구,인천광역시 동구 화도진로 114,동구,인천광역시 동구 화수동 140-1번지,37.482105,126.6287902,20667,"윗몸일으키기,온몸들어올리기+온몸역기내리기,싸이드파도타기+전신싸이클,양팔줄당기기,롤링웨이스트,등허리지압기,트윈워밍암,트윈트위스트×2,하늘걷기,온몸노젓기,스텝싸이클,하체근육운동",,"주차장,화장실,음수대,공중전화","병영11동,유물전시관,한미수교기념비,아포전시장","관리사무실,벽천분수,앉음벽,국기게양대",1986-09-29,인천광역시 동구청,032-770-6202,167178.9988,542750.8641,인천광역시 동구청,
20,28140-00004,돌산공원,어린이공원,농구장,인천광역시 동구 샛골로 230,동구,인천광역시 동구 송현동 1-173번지,37.482371,126.642195,8111,"농구장,다리말아올리기,몸체말아올리기,윗몸일으키기,허리돌리기,역기대,의자겸팔굽혀펴기","조합놀이대,모래놀이터,시소,그네,흔들놀이",음수대,,"파고라,정자,앉음벽,의자,평데크",1994-03-26,인천광역시 동구청,032-770-6205,168348.6786,542607.7472,인천광역시 동구청,
21,28140-00004,돌산공원,어린이공원,야외운동기구,인천광역시 동구 샛골로 230,동구,인천광역시 동구 송현동 1-173번지,37.482371,126.642195,8111,"농구장,다리말아올리기,몸체말아올리기,윗몸일으키기,허리돌리기,역기대,의자겸팔굽혀펴기","조합놀이대,모래놀이터,시소,그네,흔들놀이",음수대,,"파고라,정자,앉음벽,의자,평데크",1994-03-26,인천광역시 동구청,032-770-6205,168349.8827,542620.2464,인천광역시 동구청,
22,28140-00005,송현공원,근린공원,야외운동기구,인천광역시 동구 솔빛로 51,동구,인천광역시 동구 송현동 163번지,37.477194,126.639101,72491,"트윈트위스트,트윈바디싵업,체어웨이트,풀웨이트,체어플,스텝사이클,트렁크웨이트,레그스트레치,터닝트위스트,트윈워밍암,레그프레스,워밍암,크로스컨트리,롤링웨이스트,앙팔줄당기기,핸들웨이트,버티컬벤치,스트레칭로라","조합놀이대,그네,시소,매달려건너기,놀이집","주차장,화장실,음수대","달동네박물관,숲속도서관","관리사무실,분수,인공폭포,생태연못,물놀이터또랑",1994-11-07,인천광역시 동구청,032-770-6204,168145.9385,542081.7646,인천광역시 동구청,
23,28140-00006,수문통공원,어린이공원,야외운동기구,인천광역시 동구 송현로 50,동구,인천광역시 동구 송현동 60번지,37.480109,126.6370402,634,"복합형운동기구,온몸노젓기","조합놀이대,자가발전흔들놀이(고래,호랑이)",음수대,,"조형파고라,의자",1996-04-01,인천광역시 동구청,032-770-6205,167796.6194,542356.2398,인천광역시 동구청,
24,28140-00007,만석공원,어린이공원,야외운동기구,인천광역시 동구 제물량로 341,동구,인천광역시 동구 만석동 43-14번지,37.483217,126.619546,4404.4,"플웨이트,스텝사이클,크라임스템퍼","조합놀이대,그네","화장실,음수대",,"풋살경기장,파고라,의자,연식의자",1996-12-05,인천광역시 동구청,032-770-6205,166342.8839,542725.7316,인천광역시 동구청,
25,28140-00005,송현공원,근린공원,인라인스케이트장,인천광역시 동구 솔빛로 51,동구,인천광역시 동구 송현동 163번지,37.477194,126.639101,72491,"트윈트위스트,트윈바디싵업,체어웨이트,풀웨이트,체어플,스텝사이클,트렁크웨이트,레그스트레치,터닝트위스트,트윈워밍암,레그프레스,워밍암,크로스컨트리,롤링웨이스트,앙팔줄당기기,핸들웨이트,버티컬벤치,스트레칭로라,인라인스케이트장,족구장,다목적구장","조합놀이대,그네,시소,매달려건너기,놀이집","주차장,화장실,음수대","달동네박물관,숲속도서관","관리사무실,분수,인공폭포,생태연못,물놀이터또랑",1994-11-07,인천광역시 동구청,032-770-6204,168211.4707,542301.4247,인천광역시 동구청,"인라인스케이트장,족구장,다목적구장 추가"
26,28140-00005,송현공원,근린공원,족구장,인천광역시 동구 솔빛로 51,동구,인천광역시 동구 송현동 163번지,37.477194,126.639101,72491,"트윈트위스트,트윈바디싵업,체어웨이트,풀웨이트,체어플,스텝사이클,트렁크웨이트,레그스트레치,터닝트위스트,트윈워밍암,레그프레스,워밍암,크로스컨트리,롤링웨이스트,앙팔줄당기기,핸들웨이트,버티컬벤치,스트레칭로라,인라인스케이트장,족구장,다목적구장","조합놀이대,그네,시소,매달려건너기,놀이집","주차장,화장실,음수대","달동네박물관,숲속도서관","관리사무실,분수,인공폭포,생태연못,물놀이터또랑",1994-11-07,인천광역시 동구청,032-770-6204,168153.1004,542258.2369,인천광역시 동구청,"인라인스케이트장,족구장,다목적구장 추가"
27,28140-00005,송현공원,근린공원,다목적구장,인천광역시 동구 솔빛로 51,동구,인천광역시 동구 송현동 163번지,37.477194,126.639101,72491,"트윈트위스트,트윈바디싵업,체어웨이트,풀웨이트,체어플,스텝사이클,트렁크웨이트,레그스트레치,터닝트위스트,트윈워밍암,레그프레스,워밍암,크로스컨트리,롤링웨이스트,앙팔줄당기기,핸들웨이트,버티컬벤치,스트레칭로라,인라인스케이트장,족구장,다목적구장","조합놀이대,그네,시소,매달려건너기,놀이집","주차장,화장실,음수대","달동네박물관,숲속도서관","관리사무실,분수,인공폭포,생태연못,물놀이터또랑",1994-11-07,인천광역시 동구청,032-770-6204,168218.9337,542159.5573,인천광역시 동구청,"인라인스케이트장,족구장,다목적구장 추가"
28,28710-00011,강화산단체육공원,체육공원,야외운동기구,인천광역시 강화군 강화읍 연미정길 204,강화군,인천광역시 강화군 강화읍 월곳리 614,37.455295,126.294324,10000,"야외운동기구8개,농구대1면,배드민턴장2면,족구장1면",,"파고라4개,등의자24개,평의자18개,화장실1동,음수전1개",야외무대1개,자전거보관대1개,2012-08-03,인천광역시 강화군청,032-930-3227,155648.7581,573895.4821,인천광역시 강화군청,
29,28710-00011,강화산단체육공원,체육공원,농구장,인천광역시 강화군 강화읍 연미정길 204,강화군,인천광역시 강화군 강화읍 월곳리 614,37.455295,126.294324,10000,"야외운동기구8개,농구대1면,배드민턴장2면,족구장1면",,"파고라4개,등의자24개,평의자18개,화장실1동,음수전1개",야외무대1개,자전거보관대1개,2012-08-03,인천광역시 강화군청,032-930-3227,155628.0127,573894.5244,인천광역시 강화군청,
30,28710-00011,강화산단체육공원,체육공원,배드민턴장,인천광역시 강화군 강화읍 연미정길 204,강화군,인천광역시 강화군 강화읍 월곳리 614,37.455295,126.294324,10000,"야외운동기구8개,농구대1면,배드민턴장2면,족구장1면",,"파고라4개,등의자24개,평의자18개,화장실1동,음수전1개",야외무대1개,자전거보관대1개,2012-08-03,인천광역시 강화군청,032-930-3227,155604.9416,573892.9188,인천광역시 강화군청,
31,28710-00011,강화산단체육공원,체육공원,족구장,인천광역시 강화군 강화읍 연미정길 204,강화군,인천광역시 강화군 강화읍 월곳리 614,37.455295,126.294324,10000,"야외운동기구8개,농구대1면,배드민턴장2면,족구장1면",,"파고라4개,등의자24개,평의자18개,화장실1동,음수전1개",야외무대1개,자전거보관대1개,2012-08-03,인천광역시 강화군청,032-930-3227,155559.0668,573879.3341,인천광역시 강화군청,
32,28260-00001,검암근린공원,근린공원,국궁장,,서구,인천광역시 서구 검암동 산77-2 일원,37.5597687,126.6795516,17067,국궁장,,주차장,,,1966-08-31,인천광역시 서구청,032-560-4800,171700.2293,551243.2155,인천광역시 서구청,
33,28260-00002,원신공원,근린공원,게이트볼장,,서구,인천광역시 서구 신현동 산33일원,37.5154788,126.6631365,57685,"게이트볼장,테니스장,농구장","조합놀이대,회전놀이","주차장,화장실",,수경시설,1966-08-31,인천광역시 서구청,032-560-4800,170185.2628,546451.7798,인천광역시 서구청,다목적구장->농구장 변경
34,28260-00002,원신공원,근린공원,테니스장,,서구,인천광역시 서구 신현동 산33일원,37.5154788,126.6631365,57685,"게이트볼장,테니스장,농구장","조합놀이대,회전놀이","주차장,화장실",,수경시설,1966-08-31,인천광역시 서구청,032-560-4800,170205.6399,546204.9432,인천광역시 서구청,다목적구장->농구장 변경
35,28260-00002,원신공원,근린공원,농구장,,서구,인천광역시 서구 신현동 산33일원,37.5154788,126.6631365,57685,"게이트볼장,테니스장,농구장","조합놀이대,회전놀이","주차장,화장실",,수경시설,1966-08-31,인천광역시 서구청,032-560-4800,170214.1049,546130.9159,인천광역시 서구청,다목적구장->농구장 변경
36,28260-00003,신촌공원,어린이공원,농구장,,서구,인천광역시 서구 석남동 521-1일원,37.5079641,126.6697133,6611.9,농구장,조합놀이대,화장실,,수경시설,1969-02-12,인천광역시 서구청,032-560-4800,170784.5603,545448.111,인천광역시 서구청,
37,28260-00004,석남체육공원,어린이공원,배드민턴장,,서구,인천광역시 서구 석남동 483일원,37.5103556,126.675024,10880,"배드민턴장,농구장,족구장","조합놀이대,그네",화장실,,,1969-02-12,인천광역시 서구청,032-560-4800,171264.1978,545749.9068,인천광역시 서구청,
38,28260-00004,석남체육공원,어린이공원,농구장,,서구,인천광역시 서구 석남동 483일원,37.5103556,126.675024,10880,"배드민턴장,농구장,족구장","조합놀이대,그네",화장실,,,1969-02-12,인천광역시 서구청,032-560-4800,171297.0614,545721.8137,인천광역시 서구청,
39,28260-00004,석남체육공원,어린이공원,족구장,,서구,인천광역시 서구 석남동 483일원,37.5103556,126.675024,10880,"배드민턴장,농구장,족구장","조합놀이대,그네",화장실,,,1969-02-12,인천광역시 서구청,032-560-4800,171296.5739,545694.0198,인천광역시 서구청,
40,28260-00005,서곶공원,근린공원,축구장,,서구,인천광역시 서구 연희동 산50일원,37.5466529,126.6804314,151333,"축구장,족구장,농구장,배드민턴장,인라인스케이트장","조합놀이대,그네","주차장,매점,화장실","도서관,야외무대",수경시설,1970-07-20,인천광역시 서구청,032-560-4800,171692.902,549878.0369,인천광역시 서구청,"배드민턴장,인라인스케이트장 추가"
41,28260-00005,서곶공원,근린공원,족구장,,서구,인천광역시 서구 연희동 산50일원,37.5466529,126.6804314,151333,"축구장,족구장,농구장,배드민턴장,인라인스케이트장","조합놀이대,그네","주차장,매점,화장실","도서관,야외무대",수경시설,1970-07-20,인천광역시 서구청,032-560-4800,171731.3721,549843.7869,인천광역시 서구청,"배드민턴장,인라인스케이트장 추가"
42,28260-00005,서곶공원,근린공원,농구장,,서구,인천광역시 서구 연희동 산50일원,37.5466529,126.6804314,151333,"축구장,족구장,농구장,배드민턴장,인라인스케이트장","조합놀이대,그네","주차장,매점,화장실","도서관,야외무대",수경시설,1970-07-20,인천광역시 서구청,032-560-4800,171652.5841,549917.1207,인천광역시 서구청,"배드민턴장,인라인스케이트장 추가"
43,28260-00006,건지공원,어린이공원,배드민턴장,,서구,인천광역시 서구 가좌동 198-11일원,37.493622,126.6792083,7988.4,배드민턴장,"조합놀이대,그네",화장실,,,1975-05-16,인천광역시 서구청,032-560-4800,171644.0903,543877.2101,인천광역시 서구청,
44,28260-00008,가좌울공원,어린이공원,족구장,인천광역시 서구 고래울로 35,서구,인천광역시 서구 가좌동 354일원,37.486735,126.6861606,1920,족구장,조합놀이대,화장실,,,1981-09-24,인천광역시 서구청,032-560-4800,172241.7572,543088.8546,인천광역시 서구청,
45,28260-00009,한신공원,어린이공원,농구장,,서구,인천광역시 서구 가좌동 397일원,37.4846322,126.6873944,3000.5,농구장,조합놀이대,화장실,,,1981-09-24,인천광역시 서구청,032-560-4800,172364.1915,542843.4044,인천광역시 서구청,
46,28260-00010,가좌공원,어린이공원,인라인스케이트장,인천광역시 서구 고래울로 12,서구,인천광역시 서구 가좌동 339일원,37.4877055,126.6841114,7280,인라인스케이트장,"조합놀이대,그네",화장실,,민방위급수시설,1981-09-24,인천광역시 서구청,032-560-4800,172080.848,543175.9732,인천광역시 서구청,
47,28260-00012,인천교공원,근린공원,테니스장,,서구,인천광역시 서구 가좌동 606-3일원,37.4771783,126.6715157,46821.2,테니스장,,주차장,,,1986-02-20,인천광역시 서구청,032-560-4800,171341.1473,541897.3329,인천광역시 서구청,
48,28260-00014,심곡공원,어린이공원,운동장,,서구,인천광역시 서구 심곡동 284일원,37.5443051,126.6807747,1500.2,"운동장,야외운동기구",조합놀이대,,,,1989-11-24,인천광역시 서구청,032-560-4800,171789.1815,549461.9141,인천광역시 서구청,야외운동기구 추가
49,28260-00015,탁옥공원,어린이공원,농구장,,서구,인천광역시 서구 심곡동 290-5일원,37.5449856,126.6833389,1502.9,농구장,조합놀이대,,,,1989-11-24,인천광역시 서구청,032-560-4800,172022.4031,549535.2536,인천광역시 서구청,
50,28260-00017,갈매공원,어린이공원,농구장,,서구,인천광역시 서구 공촌동 304일원,37.5527008,126.6847658,1682.6,"농구장,야외운동기구","조합놀이대,그네",,,,1989-11-24,인천광역시 서구청,032-560-4800,172162.8601,550401.1671,인천광역시 서구청,야외운동기구 추가
51,28260-00020,월촌공원,어린이공원,농구장,,서구,인천광역시 서구 연희동 698일원,37.5507274,126.6812468,2001.7,농구장,"조합놀이대,그네",,,,1989-11-24,인천광역시 서구청,032-560-4800,171823.4115,550181.1905,인천광역시 서구청,
52,28260-00022,새말공원,어린이공원,운동장,,서구,인천광역시 서구 심곡동 260일원,37.5413277,126.6754746,2104,"운동장,야외운동기구",조합놀이대,,,,1989-11-24,인천광역시 서구청,032-560-4800,171309.5098,549144.0177,인천광역시 서구청,야외운동기구 추가
53,28260-00026,절골공원,어린이공원,야외운동기구,,서구,인천광역시 서구 심곡동 292일원,37.5426548,126.682502,2451,야외운동기구,조합놀이대,,,,1989-11-24,인천광역시 서구청,032-560-4800,171961.8753,549299.3853,인천광역시 서구청,운동장->야외운동기구 변경
54,28260-00029,모통공원,어린이공원,농구장,,서구,인천광역시 서구 심곡동 301-3일원,37.5422294,126.6789722,3002.7,"농구장,야외운동기구",조합놀이대,,,,1989-11-24,인천광역시 서구청,032-560-4800,171646.325,549253.3441,인천광역시 서구청,야외운동기구 추가
55,28260-00035,서부산단공원,근린공원,족구장,,서구,인천광역시 서구 경서동 678일원,37.5554991,126.6396832,14801.3,"족구장,야외운동기구",,주차장,,,1993-06-19,인천광역시 서구청,032-560-4800,168155.2839,550713.3017,인천광역시 서구청,농구장->야외운동기구 변경
56,28260-00035,서부산단공원,근린공원,야외운동기구,,서구,인천광역시 서구 경서동 678일원,37.5554991,126.6396832,14801.3,"족구장,야외운동기구",,주차장,,,1993-06-19,인천광역시 서구청,032-560-4800,168175.7121,550729.1587,인천광역시 서구청,농구장->야외운동기구 변경
57,28260-00036,장모루공원,근린공원,배드민턴장,,서구,인천광역시 서구 검암동 594-2일원,37.5677459,126.6757858,5703.6,"배드민턴장,야외운동기구",,화장실,,수경시설,1993-09-28,인천광역시 서구청,032-560-4800,171293.7825,552058.1285,인천광역시 서구청,야외운동기구 추가
58,28260-00039,아랫말공원(경서4호),어린이공원,운동장,,서구,인천광역시 서구 경서동 760일원,37.5557117,126.6560555,2236.7,"운동장,야외운동기구",조합놀이대,,,,1993-09-28,인천광역시 서구청,032-560-4800,169621.2386,550753.2844,인천광역시 서구청,야외운동기구 추가
59,28260-00043,진포공원(경서1호),어린이공원,배드민턴장,,서구,인천광역시 서구 경서동 719-1일원,37.5606277,126.651839,2779.7,"배드민턴장,야외운동기구",조합놀이대,,,,1993-09-28,인천광역시 서구청,032-560-4800,169238.8776,551291.6113,인천광역시 서구청,야외운동기구 추가
60,28260-00046,중동공원,어린이공원,농구장,,서구,인천광역시 서구 검암동 613-5일원,37.5648375,126.677202,3973.8,"농구장,야외운동기구",조합놀이대,화장실,,수경시설,1993-09-28,인천광역시 서구청,032-560-4800,171463.7335,551730.643,인천광역시 서구청,야외운동기구 추가
61,28260-00047,빈정공원,어린이공원,운동장,,서구,인천광역시 서구 검암동 681일원,37.5555416,126.6720414,6983.5,"운동장,야외운동기구",조합놀이대,,,,1993-09-28,인천광역시 서구청,032-560-4800,171034.6515,550727.4298,인천광역시 서구청,야외운동기구 추가
62,28260-00049,능내공원,근린공원,축구장,인천광역시 서구 검단로 540번길 41,서구,인천광역시 서구 마전동 657-11일원,37.6009297,126.6672993,77340,축구장,,화장실,,,1995-11-17,인천광역시 서구청,032-560-4800,170622.7941,555754.7263,인천광역시 서구청,
63,28260-00053,검단1지구 1호 어린이공원,어린이공원,농구장,,서구,인천광역시 서구 마전동 907일원,37.6051075,126.6574502,4606.2,농구장,"조합놀이대,흔들놀이",,,,1995-11-17,인천광역시 서구청,032-560-4800,169744.5271,556231.6017,인천광역시 서구청,
64,28260-00057,왕길공원,근린공원,농구장,인천광역시 서구 검단로 427,서구,인천광역시 서구 왕길동 649-4일원,37.6005047,126.651603,11686.4,농구장,조합놀이대,화장실,,,1996-10-23,인천광역시 서구청,032-560-4800,169193.0908,555738.6074,인천광역시 서구청,족구장->농구장 변경
65,28260-00058,종다리공원,어린이공원,농구장,,서구,인천광역시 서구 왕길동 641-13일원,37.6013887,126.6541296,2948.1,농구장,조합놀이대,,,,1996-10-23,인천광역시 서구청,032-560-4800,169455.9393,555848.4409,인천광역시 서구청,
66,28260-00063,금호공원(오류지구 어린이공원),어린이공원,농구장,,서구,인천광역시 서구 오류동 760-3일원,37.5972915,126.6412497,3334.5,농구장,조합놀이대,,,,1999-06-23,인천광역시 서구청,032-560-4800,168310.1979,555370.5063,인천광역시 서구청,
67,28260-00069,원당지구 1호공원,근린공원,게이트볼장,,서구,인천광역시 서구 원당동 811-2,37.5955489,126.6917825,18321.3,"게이트볼장,야외운동기구",조합놀이대,화장실,,,1999-06-23,인천광역시 서구청,032-560-4800,172663.1832,555049.186,인천광역시 서구청,야외운동기구 추가
68,28260-00075,당하지구3호 어린이공원,어린이공원,야외운동기구,,서구,인천광역시 서구 당하동 1099-4일원,37.5907968,126.6786075,2163.5,야외운동기구,조합놀이대,,,,1999-06-23,인천광역시 서구청,032-560-4800,171638.1549,554656.0941,인천광역시 서구청,농구장->야외운동기구 변경
69,28260-00086,신석체육공원,체육공원,축구장,,서구,인천광역시 서구 석남동 222일원,37.5075811,126.6653466,33694,"축구장,족구장,풋살장,농구장",,,,,1999-09-20,인천광역시 서구청,032-560-4800,170381.6443,545386.6709,인천광역시 서구청,
70,28260-00086,신석체육공원,체육공원,족구장,,서구,인천광역시 서구 석남동 222일원,37.5075811,126.6653466,33694,"축구장,족구장,풋살장,농구장",,,,,1999-09-20,인천광역시 서구청,032-560-4800,170378.2244,545483.0874,인천광역시 서구청,
71,28260-00086,신석체육공원,체육공원,풋살장,,서구,인천광역시 서구 석남동 222일원,37.5075811,126.6653466,33694,"축구장,족구장,풋살장,농구장",,,,,1999-09-20,인천광역시 서구청,032-560-4800,170377.5829,545513.1607,인천광역시 서구청,
72,28260-00086,신석체육공원,체육공원,농구장,,서구,인천광역시 서구 석남동 222일원,37.5075811,126.6653466,33694,"축구장,족구장,풋살장,농구장",,,,,1999-09-20,인천광역시 서구청,032-560-4800,170379.4999,545452.2674,인천광역시 서구청,
73,28260-00088,진주체육공원,체육공원,배드민턴장,,서구,인천광역시 서구 가좌동 30-130일원,37.4913746,126.6809571,9106,"배드민턴장,테니스장,농구장",조합놀이대,화장실,,,2000-07-05,인천광역시 서구청,032-560-4800,171775.9039,543577.1105,인천광역시 서구청,"농구장,야외운동기구 추가"
74,28260-00088,진주체육공원,체육공원,테니스장,,서구,인천광역시 서구 가좌동 30-130일원,37.4913746,126.6809571,9106,"배드민턴장,테니스장,농구장",조합놀이대,화장실,,,2000-07-05,인천광역시 서구청,032-560-4800,171811.2023,543583.915,인천광역시 서구청,"농구장,야외운동기구 추가"
75,28260-00089,가좌공원,근린공원,게이트볼장,인천광역시 서구 장고개로 287번길 25,서구,인천광역시 서구 가좌동 219일원,37.4881823,126.6806996,8939,게이트볼장,조합놀이대,화장실,,,2000-07-05,인천광역시 서구청,032-560-4800,171806.831,543266.476,인천광역시 서구청,
76,28260-00090,당하어린이공원,어린이공원,농구장,,서구,인천광역시 서구 당하동 1067-4일원,37.5842079,126.6791439,1800,농구장,조합놀이대,,,,2002-11-13,인천광역시 서구청,032-560-4800,171659.0991,553910.6392,인천광역시 서구청,야외운동기구 추가
77,28260-00091,감중공원,어린이공원,족구장,,서구,인천광역시 서구 가좌동 157일원,37.4928388,126.6738439,5572,족구장,조합놀이대,화장실,,수경시설,2004-08-04,인천광역시 서구청,032-560-4800,171141.9397,543768.9539,인천광역시 서구청,"농구장,야외운동기구 추가"
78,28260-00092,청라1호공원,근린공원,족구장,,서구,인천광역시 서구 경서동 673-19일원,37.5316546,126.6033661,10000.1,"족구장,배드민턴장",,,,,2005-04-19,인천광역시 서구청,032-560-4800,164980.5548,548127.2954,인천광역시 서구청,
79,28260-00092,청라1호공원,근린공원,배드민턴장,,서구,인천광역시 서구 경서동 673-19일원,37.5316546,126.6033661,10000.1,"족구장,배드민턴장",,,,,2005-04-19,인천광역시 서구청,032-560-4800,164961.672,548134.3942,인천광역시 서구청,
80,28260-00093,경서근린공원,근린공원,농구장,,서구,인천광역시 서구 경서동 996일원,37.5566388,126.6687691,21935.2,"농구장,배드민턴장",조합놀이대,화장실,,수경시설,2007-11-06,인천광역시 서구청,032-560-4800,170796.5696,550835.8263,인천광역시 서구청,배드민턴장 추가
81,28260-00094,반월공원(나),근린공원,족구장,,서구,인천광역시 서구 오류동 1656-4번지,37.5944608,126.6169703,10970.2,"족구장,농구장",,화장실,,,2008-12-29,인천광역시 서구청,032-560-4800,166166.2415,555068.0863,인천광역시 서구청,농구장 추가
82,28260-00095,한들방죽공원(라),근린공원,다목적구장,,서구,인천광역시 서구 오류동 1665-2번지,37.5904312,126.621691,10869.3,다목적구장,,,,,2008-12-29,인천광역시 서구청,032-560-4800,166626.9163,554603.0919,인천광역시 서구청,
83,28260-00098,경서1공원(아라뱃길 물류단지),근린공원,다목적구장,,서구,인천광역시 서구 오류동 1579-1번지 일원,37.5616568,126.618762,13213.5,다목적구장,,화장실,,,2010-04-16,인천광역시 서구청,032-560-4800,166375.8261,551414.8371,인천광역시 서구청,
84,28260-00099,경서2공원(아라뱃길 물류단지),근린공원,다목적구장,,서구,인천광역시 서구 오류동 1545-4번지 일원,37.5662322,126.6102433,20176.5,"다목적구장,야외운동기구",,화장실,,,2010-04-16,인천광역시 서구청,032-560-4800,165567.9739,551901.0876,인천광역시 서구청,야외운동기구 추가
85,28260-00107,버들 어린이공원,어린이공원,농구장,,서구,인천광역시 서구 왕길동 538-1일원,37.595716,126.6366,2066.1,농구장,조합놀이대,,,,2017-04-10,인천광역시 서구청,032-560-4804,167950.2321,555220.2569,인천광역시 서구청,
86,28260-00109,율도공원(2호),근린공원,족구장,,서구,인천광역시 서구 원창동 485-5일원,37.508534,126.623886,76368.2,"족구장,축구장",,"화장실,주차장",,,2012-01-16,인천광역시 서구청,032-560-4804,166854.6224,545636.2387,인천광역시 서구청,
87,28260-00109,율도공원(2호),근린공원,축구장,,서구,인천광역시 서구 원창동 485-5일원,37.508534,126.623886,76368.2,"족구장,축구장",,"화장실,주차장",,,2012-01-16,인천광역시 서구청,032-560-4804,166794.9365,545534.9995,인천광역시 서구청,
88,28260-00112,늘푸른공원,근린공원,배드민턴장,서구 국제대로 29 ,서구,인천광역시 서구 청라동 8-126,37.539229,126.662999,43329.7,"배드민턴장,게이트볼장",조합놀이대,화장실,,수경시설,2006-11-21,인천광역시 서구청,032-560-4805,167209.2304,549251.606,인천광역시 서구청,
89,28260-00112,늘푸른공원,근린공원,게이트볼장,서구 국제대로 29 ,서구,인천광역시 서구 청라동 8-126,37.539229,126.662999,43329.7,"배드민턴장,게이트볼장",조합놀이대,화장실,,수경시설,2006-11-21,인천광역시 서구청,032-560-4805,167090.8702,549250.9236,인천광역시 서구청,
90,28260-00113,사염공원,근린공원,배드민턴장,서구 국제대로 121,서구,인천광역시 서구 청라동 9-92,37.5542867,126.65057,85351.8,"배드민턴장,인라인스케이트장,풋살장",,화장실,,,2006-11-21,인천광역시 서구청,032-560-4805,168770.2192,549218.3768,인천광역시 서구청,풋살장 추가
91,28260-00113,사염공원,근린공원,인라인스케이트장,서구 국제대로 121,서구,인천광역시 서구 청라동 9-92,37.5542867,126.65057,85351.8,"배드민턴장,인라인스케이트장,풋살장",,화장실,,,2006-11-21,인천광역시 서구청,032-560-4805,168724.1235,549226.2044,인천광역시 서구청,풋살장 추가
92,28260-00114,연일공원,근린공원,농구장,서구 국제대로 277,서구,인천광역시 서구 청라동 116-1,37.540644,126.658691,30552.7,"농구장,배드민턴장",,,,수경시설,2006-11-21,인천광역시 서구청,032-560-4805,169594.5989,549077.3442,인천광역시 서구청,
93,28260-00114,연일공원,근린공원,배드민턴장,서구 국제대로 277,서구,인천광역시 서구 청라동 116-1,37.540644,126.658691,30552.7,"농구장,배드민턴장",,,,수경시설,2006-11-21,인천광역시 서구청,032-560-4805,169572.3704,549076.5115,인천광역시 서구청,
94,28260-00115,문점공원,근린공원,농구장,서구 청라사파이어로 96,서구,인천광역시 서구 청라동 105-151,37.522964,126.628041,12814.9,"농구장,배드민턴장",,화장실,,,2006-11-21,인천광역시 서구청,032-560-4805,167168.5736,547143.7241,인천광역시 서구청,
95,28260-00115,문점공원,근린공원,배드민턴장,서구 청라사파이어로 96,서구,인천광역시 서구 청라동 105-151,37.522964,126.628041,12814.9,"농구장,배드민턴장",,화장실,,,2006-11-21,인천광역시 서구청,032-560-4805,167157.3719,547139.8532,인천광역시 서구청,
96,28260-00116,포리공원,근린공원,배드민턴장,서구 청라커낼로 199,서구,인천광역시 서구 청라동 178-6,37.527677,126.642737,14216.2,배드민턴장,조합놀이대,화장실,,,2006-11-21,인천광역시 서구청,032-560-4805,168309.3219,547672.7806,인천광역시 서구청,
97,28260-00119,까투렴공원,근린공원,농구장,서구 첨단동로 344 ,서구,인천광역시 서구 청라동 8-129,37.544908,126.622198,21210.1,"농구장,배드민턴장",,화장실,,,2006-11-21,인천광역시 서구청,032-560-4805,166546.2391,549460.5314,인천광역시 서구청,"배드민턴장->족구장 변경,풋살장 추가"
98,28260-00119,까투렴공원,근린공원,족구장,서구 첨단동로 344 ,서구,인천광역시 서구 청라동 8-129,37.544908,126.622198,21210.1,"농구장,배드민턴장",,화장실,,,2006-11-21,인천광역시 서구청,032-560-4805,166560.0247,549496.1245,인천광역시 서구청,"배드민턴장->족구장 변경,풋살장 추가"
99,28260-00005,서곶공원,근린공원,배드민턴장,,서구,인천광역시 서구 연희동 산50일원,37.5466529,126.6804314,151333,"축구장,족구장,농구장,배드민턴장,인라인스케이트장","조합놀이대,그네","주차장,매점,화장실","도서관,야외무대",수경시설,1970-07-20,인천광역시 서구청,032-560-4800,171581.1949,549600.4247,인천광역시 서구청,"배드민턴장,인라인스케이트장 추가"
100,28260-00005,서곶공원,근린공원,인라인스케이트장,,서구,인천광역시 서구 연희동 산50일원,37.5466529,126.6804314,151333,"축구장,족구장,농구장,배드민턴장,인라인스케이트장","조합놀이대,그네","주차장,매점,화장실","도서관,야외무대",수경시설,1970-07-20,인천광역시 서구청,032-560-4800,171673.2943,549676.7451,인천광역시 서구청,"배드민턴장,인라인스케이트장 추가"
101,28260-00014,심곡공원,어린이공원,야외운동기구,,서구,인천광역시 서구 심곡동 284일원,37.5443051,126.6807747,1500.2,"운동장,야외운동기구",조합놀이대,,,,1989-11-24,인천광역시 서구청,032-560-4800,171804.0052,549461.5959,인천광역시 서구청,야외운동기구 추가
102,28260-00014,심곡공원,어린이공원,야외운동기구,,서구,인천광역시 서구 심곡동 284일원,37.5443051,126.6807747,1500.2,"운동장,야외운동기구",조합놀이대,,,,1989-11-24,인천광역시 서구청,032-560-4800,171784.4287,549484.6512,인천광역시 서구청,야외운동기구 추가
103,28260-00017,갈매공원,어린이공원,야외운동기구,,서구,인천광역시 서구 공촌동 304일원,37.5527008,126.6847658,1682.6,"농구장,야외운동기구","조합놀이대,그네",,,,1989-11-24,인천광역시 서구청,032-560-4800,172149.6312,550415.1512,인천광역시 서구청,야외운동기구 추가
104,28260-00022,새말공원,어린이공원,야외운동기구,,서구,인천광역시 서구 심곡동 260일원,37.5413277,126.6754746,2104,"운동장,야외운동기구",조합놀이대,,,,1989-11-24,인천광역시 서구청,032-560-4800,171312.5141,549156.4208,인천광역시 서구청,야외운동기구 추가
105,28260-00029,모통공원,어린이공원,야외운동기구,,서구,인천광역시 서구 심곡동 301-3일원,37.5422294,126.6789722,3002.7,"농구장,야외운동기구",조합놀이대,,,,1989-11-24,인천광역시 서구청,032-560-4800,171644.72,549231.6319,인천광역시 서구청,야외운동기구 추가
106,28260-00036,장모루공원,근린공원,야외운동기구,,서구,인천광역시 서구 검암동 594-2일원,37.5677459,126.6757858,5703.6,"배드민턴장,야외운동기구",,화장실,,수경시설,1993-09-28,인천광역시 서구청,032-560-4800,171298.9703,552053.1272,인천광역시 서구청,야외운동기구 추가
107,28260-00039,아랫말공원(경서4호),어린이공원,야외운동기구,,서구,인천광역시 서구 경서동 760일원,37.5557117,126.6560555,2236.7,"운동장,야외운동기구",조합놀이대,,,,1993-09-28,인천광역시 서구청,032-560-4800,169620.6196,550745.2746,인천광역시 서구청,야외운동기구 추가
108,28260-00043,진포공원(경서1호),어린이공원,야외운동기구,,서구,인천광역시 서구 경서동 719-1일원,37.5606277,126.651839,2779.7,"배드민턴장,야외운동기구",조합놀이대,,,,1993-09-28,인천광역시 서구청,032-560-4800,169229.3551,551290.502,인천광역시 서구청,야외운동기구 추가
109,28260-00046,중동공원,어린이공원,야외운동기구,,서구,인천광역시 서구 검암동 613-5일원,37.5648375,126.677202,3973.8,"농구장,야외운동기구",조합놀이대,화장실,,수경시설,1993-09-28,인천광역시 서구청,032-560-4800,171486.9436,551721.1057,인천광역시 서구청,야외운동기구 추가
110,28260-00047,빈정공원,어린이공원,야외운동기구,,서구,인천광역시 서구 검암동 681일원,37.5555416,126.6720414,6983.5,"운동장,야외운동기구",조합놀이대,-,,,1993-09-28,인천광역시 서구청,032-560-4800,171056.7363,550755.2857,인천광역시 서구청,야외운동기구 추가
111,28260-00069,원당지구 1호공원,근린공원,야외운동기구,,서구,인천광역시 서구 원당동 811-2,37.5955489,126.6917825,18321.3,"게이트볼장,야외운동기구",조합놀이대,화장실,,,1999-06-23,인천광역시 서구청,032-560-4800,172677.1934,555042.5907,인천광역시 서구청,야외운동기구 추가
112,28260-00088,진주체육공원,체육공원,농구장,,서구,인천광역시 서구 가좌동 30-130일원,37.4913746,126.6809571,9106,"배드민턴장,테니스장,농구장",조합놀이대,화장실,,,2000-07-05,인천광역시 서구청,032-560-4800,171779.417,543613.3108,인천광역시 서구청,"농구장,야외운동기구 추가"
113,28260-00088,진주체육공원,체육공원,야외운동기구,,서구,인천광역시 서구 가좌동 30-130일원,37.4913746,126.6809571,9106,"배드민턴장,테니스장,농구장",조합놀이대,화장실,,,2000-07-05,인천광역시 서구청,032-560-4800,171781.842,543635.1332,인천광역시 서구청,"농구장,야외운동기구 추가"
114,28260-00090,당하어린이공원,어린이공원,야외운동기구,,서구,인천광역시 서구 당하동 1067-4일원,37.5842079,126.6791439,1800,농구장,조합놀이대,,,,2002-11-13,인천광역시 서구청,032-560-4800,171665.0879,553919.2466,인천광역시 서구청,야외운동기구 추가
115,28260-00091,감중공원,어린이공원,농구장,,서구,인천광역시 서구 가좌동 157일원,37.4928388,126.6738439,5572,족구장,조합놀이대,화장실,,수경시설,2004-08-04,인천광역시 서구청,032-560-4800,171134.0548,543778.4404,인천광역시 서구청,"농구장,야외운동기구 추가"
116,28260-00091,감중공원,어린이공원,야외운동기구,,서구,인천광역시 서구 가좌동 157일원,37.4928388,126.6738439,5572,족구장,조합놀이대,화장실,,수경시설,2004-08-04,인천광역시 서구청,032-560-4800,171128.1275,543738.2835,인천광역시 서구청,"농구장,야외운동기구 추가"
117,28260-00093,경서근린공원,근린공원,배드민턴장,,서구,인천광역시 서구 경서동 996일원,37.5566388,126.6687691,21935.2,"농구장,배드민턴장",조합놀이대,화장실,,수경시설,2007-11-06,인천광역시 서구청,032-560-4800,170810.5471,550835.3713,인천광역시 서구청,배드민턴장 추가
118,28260-00094,반월공원(나),근린공원,농구장,,서구,인천광역시 서구 오류동 1656-4번지,37.5944608,126.6169703,10970.2,"족구장,농구장",,화장실,,,2008-12-29,인천광역시 서구청,032-560-4800,166195.186,555100.0017,인천광역시 서구청,농구장 추가
119,28260-00099,경서2공원(아라뱃길 물류단지),근린공원,야외운동기구,,서구,인천광역시 서구 오류동 1545-4번지 일원,37.5662322,126.6102433,20176.5,"다목적구장,야외운동기구",,화장실,,,2010-04-16,인천광역시 서구청,032-560-4800,165589.8233,551873.6775,인천광역시 서구청,야외운동기구 추가
120,28260-00109,율도공원(2호),근린공원,축구장,,서구,인천광역시 서구 원창동 485-5일원,37.508534,126.623886,76368.2,"족구장,축구장",,"화장실,주차장",,,2012-01-16,인천광역시 서구청,032-560-4804,166794.8266,545388.1828,인천광역시 서구청,
121,28260-00113,사염공원,근린공원,풋살장,서구 국제대로 121,서구,인천광역시 서구 청라동 9-92,37.5542867,126.65057,85351.8,"배드민턴장,인라인스케이트장,풋살장",,화장실,,,2006-11-21,인천광역시 서구청,032-560-4805,168743.7063,549226.8379,인천광역시 서구청,풋살장 추가
122,28260-00119,까투렴공원,근린공원,풋살장,서구 첨단동로 344 ,서구,인천광역시 서구 청라동 8-129,37.544908,126.622198,21210.1,"농구장,배드민턴장",,화장실,,,2006-11-21,인천광역시 서구청,032-560-4805,166576.8637,549564.7655,인천광역시 서구청,"배드민턴장->족구장 변경,풋살장 추가"
123,28245-00003,용종5공원,소공원,야외운동기구,인천광역시 계양구 용마루1길 2(용종동),계양구,인천광역시 계양구 용종동 224,37.542922,126.742799,360.3,야외운동기구,,,,,2018-01-22,인천광역시 계양구청,032-450-5663,177277.8145,549332.2475,인천광역시 계양구청,
124,28245-00004,살나리공원,소공원,야외운동기구,,계양구,인천광역시 계양구 서운동 93-2,37.537899,126.745138,669,야외운동기구,,,,,2018-01-22,인천광역시 계양구청,032-450-5663,177472.4125,548746.7673,인천광역시 계양구청,
125,28245-00005,하야공원,소공원,야외운동기구,,계양구,인천광역시 계양구 하야동 64-29,37.583244,126.781076,360,야외운동기구,,,,,2010-03-22,인천광역시 계양구청,032-450-5663,180655.1859,553775.6093,인천광역시 계양구청,
126,28245-00006,계산공원,체육공원,축구장,인천광역시 계양구 주부토로570,계양구,인천광역시 계양구 계산동 907-1,37.544961,126.728714,22280,"인조잔디구장,게이트볼장,야외운동기구,농구장","그네,조합놀이대,흔들놀이기구",화장실,,,1994-01-08,인천광역시 계양구청,032-450-5663,176117.2592,549498.3365,인천광역시 계양구청,농구장 추가
127,28245-00006,계산공원,체육공원,게이트볼장,인천광역시 계양구 주부토로570,계양구,인천광역시 계양구 계산동 907-1,37.544961,126.728714,22280,"인조잔디구장,게이트볼장,야외운동기구,농구장","그네,조합놀이대,흔들놀이기구",화장실,,,1994-01-08,인천광역시 계양구청,032-450-5663,176031.0702,549480.1446,인천광역시 계양구청,농구장 추가
128,28245-00006,계산공원,체육공원,야외운동기구,인천광역시 계양구 주부토로570,계양구,인천광역시 계양구 계산동 907-1,37.544961,126.728714,22280,"인조잔디구장,게이트볼장,야외운동기구,농구장","그네,조합놀이대,흔들놀이기구",화장실,,,1994-01-08,인천광역시 계양구청,032-450-5663,176050.984,549567.8597,인천광역시 계양구청,농구장 추가
129,28245-00007,다남공원,체육공원,국궁장,인천광역시 계양구 다남로165번길71,계양구,인천광역시 계양구 다남동 42-8,37.565039,126.720102,18827,"국궁장,게이트볼장",-,화장실,,,2000-07-04,인천광역시 계양구청,032-450-5663,175242.6571,551703.5413,인천광역시 계양구청,
130,28245-00007,다남공원,체육공원,게이트볼장,인천광역시 계양구 다남로165번길71,계양구,인천광역시 계양구 다남동 42-8,37.565039,126.720102,18827,"국궁장,게이트볼장",-,화장실,,,2000-07-04,인천광역시 계양구청,032-450-5663,175291.2662,551822.309,인천광역시 계양구청,
131,28245-00008,작전공원,체육공원,인라인스케이트장,인천광역시 계양구 계양문화로1,계양구,인천광역시 계양구 작전동 902,37.530959,126.735766,7458.5,"인라인스케이트장,농구장",-,화장실,야외공연장,벽천분수,2001-10-22,인천광역시 계양구청,032-450-5663,176622.743,547985.5764,인천광역시 계양구청,야외운동기구->농구장 변경
132,28245-00008,작전공원,체육공원,농구장,인천광역시 계양구 계양문화로1,계양구,인천광역시 계양구 작전동 902,37.530959,126.735766,7458.5,"인라인스케이트장,농구장",-,화장실,야외공연장,벽천분수,2001-10-22,인천광역시 계양구청,032-450-5663,176563.9146,547976.7033,인천광역시 계양구청,야외운동기구->농구장 변경
133,28245-00009,오조산공원,근린공원,야외운동기구,인천광역시 계양구 오조산공원로33,계양구,인천광역시 계양구 용종동 208,37.540389,126.744936,18314.4,야외운동기구,"그네,조합놀이대",화장실,,바닥분수,1992-12-18,인천광역시 계양구청,032-450-5663,176783.1471,549019.2841,인천광역시 계양구청,
134,28245-00010,계양교통공원,근린공원,다목적운동장,인천광역시 계양구 용종로38,계양구,인천광역시 계양구 계산동 1085-1,37.537155,126.741794,21091.5,"다목적운동장,야외운동기구","그네,조합놀이대",화장실,어린이교통교육관,"육교,횡단보도등",1992-12-18,인천광역시 계양구청,032-450-5663,177309.4745,548655.7131,인천광역시 계양구청,
135,28245-00011,까치공원,근린공원,야외운동기구,인천광역시 계양구 오조산로21번길4,계양구,인천광역시 계양구 작전동 908,37.530655,126.730753,17043.9,야외운동기구,-,화장실,도서관,바닥분수,1992-12-18,인천광역시 계양구청,032-450-5663,176811.468,548258.2409,인천광역시 계양구청,
136,28245-00012,서운공원,근린공원,풋살장,인천광역시 계양구 효서로397,계양구,인천광역시 계양구 작전동 915-2,37.527736,126.740479,12822.4,"인조잔디구장,야외운동기구",조합놀이대,화장실,,,1992-12-18,인천광역시 계양구청,032-450-5663,177140.4868,547649.267,인천광역시 계양구청,
137,28245-00012,서운공원,근린공원,야외운동기구,인천광역시 계양구 효서로397,계양구,인천광역시 계양구 작전동 915-2,37.527736,126.740479,12822.4,"인조잔디구장,야외운동기구",조합놀이대,화장실,,,1992-12-18,인천광역시 계양구청,032-450-5663,177043.2811,547681.9412,인천광역시 계양구청,
138,28245-00013,된밭공원,근린공원,야외운동기구,인천광역시 계양구 주부토로 426번길5,계양구,인천광역시 계양구 작전동 53-9일원,37.530655,126.730753,11655,야외운동기구,"그네,조합놀이대",화장실,,바닥분수,1944-01-08,인천광역시 계양구청,032-450-5663,176013.3275,548163.1062,인천광역시 계양구청,
139,28245-00015,이촌공원,근린공원,야외운동기구,인천광역시 계양구 안남로606,계양구,인천광역시 계양구 효성동 산18,37.536417,126.712576,22810,"야외운동기구,다목적구장","그네,시소,조합놀이대",화장실,,,1944-01-08,인천광역시 계양구청,032-450-5663,174551.903,548552.2429,인천광역시 계양구청,다목적구장 추가
140,28245-00016,갈개공원,근린공원,야외운동기구,,계양구,인천광역시 계양구 작전동 750일원,37.535623,126.720248,7437,야외운동기구,"시소,흔들놀이기구",-,,,1985-05-16,인천광역시 계양구청,032-450-5663,175282.2074,548495.4376,인천광역시 계양구청,
141,28245-00017,효성공원,어린이공원,축구장,인천광역시 계양구 새벌로111번길7,계양구,인천광역시 계양구 효성동 223,37.526696,126.715615,10877,"인조잔디구장,야외운동기구,농구장","그네,조합놀이대",화장실,,,1990-12-28,인천광역시 계양구청,032-450-5663,174897.8504,547434.306,인천광역시 계양구청,농구장 추가
142,28245-00017,효성공원,어린이공원,야외운동기구,인천광역시 계양구 새벌로111번길7,계양구,인천광역시 계양구 효성동 223,37.526696,126.715615,10877,"인조잔디구장,야외운동기구,농구장","그네,조합놀이대",화장실,,,1990-12-28,인천광역시 계양구청,032-450-5663,174933.9733,547494.8364,인천광역시 계양구청,농구장 추가
143,28245-00018,작전공원,어린이공원,축구장,인천광역시 계양구 아나지로307번길1,계양구,인천광역시 계양구 작전동 414,37.526187,126.7256904,9427.1,"인조잔디구장,야외운동기구,배드민턴장,농구장","그네,조합놀이대",화장실,,,1990-12-28,인천광역시 계양구청,032-450-5663,175748.7548,547436.2384,인천광역시 계양구청,"배드민턴장,농구장 추가"
144,28245-00018,작전공원,어린이공원,야외운동기구,인천광역시 계양구 아나지로307번길1,계양구,인천광역시 계양구 작전동 414,37.526187,126.7256904,9427.1,"인조잔디구장,야외운동기구,배드민턴장,농구장","그네,조합놀이대",화장실,,,1990-12-28,인천광역시 계양구청,032-450-5663,175762.5984,547398.6324,인천광역시 계양구청,"배드민턴장,농구장 추가"
145,28245-00019,부일공원,어린이공원,야외운동기구,,계양구,인천광역시 계양구 계산동 930-1,37.541222,126.727205,1171.3,야외운동기구,"그네,조합놀이대",-,,,1980-04-02,인천광역시 계양구청,032-450-5663,175531.955,549500.9644,인천광역시 계양구청,
146,28245-00020,안남공원,어린이공원,야외운동기구,,계양구,인천광역시 계양구 계산동 949,37.544749,126.723227,1449.2,야외운동기구,"그네,조합놀이대",-,,,1980-04-02,인천광역시 계양구청,032-450-5663,175873.6462,549133.6842,인천광역시 계양구청,
147,28245-00021,낙원공원,어린이공원,야외운동기구,,계양구,인천광역시 계양구 임학동 25,37.546462,126.737528,900.8,야외운동기구,"그네,조합놀이대",-,,,1980-04-02,인천광역시 계양구청,032-450-5663,176800.0395,549711.171,인천광역시 계양구청,
148,28245-00022,고향골공원,어린이공원,농구장,,계양구,인천광역시 계양구 계산동 982,37.5405505,126.719533,1485.4,"농구장,야외운동기구","그네,조합놀이대",-,,,1980-04-02,인천광역시 계양구청,032-450-5663,175212.3999,549049.8869,인천광역시 계양구청,
149,28245-00022,고향골공원,어린이공원,야외운동기구,,계양구,인천광역시 계양구 계산동 982,37.5405505,126.719533,1485.4,"농구장,야외운동기구","그네,조합놀이대",-,,,1980-04-02,인천광역시 계양구청,032-450-5663,175208.0686,549043.1145,인천광역시 계양구청,
150,28245-00023,방축공원,어린이공원,야외운동기구,,계양구,인천광역시 계양구 방축동 211,37.5504898,126.740316,1810,야외운동기구,"그네,조합놀이대",-,,,1987-04-20,인천광역시 계양구청,032-450-5663,177058.1365,550152.0227,인천광역시 계양구청,
151,28245-00024,병방공원,어린이공원,야외운동기구,인천광역시 계양구 병방시장로55번길4,계양구,인천광역시 계양구 병방동 367,37.548238,126.738104,1667.5,야외운동기구,"그네,조합놀이대",화장실,,,1987-04-20,인천광역시 계양구청,032-450-5663,176856.6147,549890.1731,인천광역시 계양구청,
152,28245-00025,임학공원,어린이공원,게이트볼장,인천광역시 계양구 화산로3,계양구,인천광역시 계양구 임학동 135,37.548121,126.7345652,8339.9,"게이트볼장,농구장,야외운동기구","그네,조합놀이대,흔들놀이기구",화장실,,,1980-04-02,인천광역시 계양구청,032-450-5663,176419.316,549904.7636,인천광역시 계양구청,
153,28245-00025,임학공원,어린이공원,농구장,인천광역시 계양구 화산로3,계양구,인천광역시 계양구 임학동 135,37.548121,126.7345652,8339.9,"게이트볼장,농구장,야외운동기구","그네,조합놀이대,흔들놀이기구",화장실,,,1980-04-02,인천광역시 계양구청,032-450-5663,176375.3909,549907.6861,인천광역시 계양구청,
154,28245-00025,임학공원,어린이공원,야외운동기구,인천광역시 계양구 화산로3,계양구,인천광역시 계양구 임학동 135,37.548121,126.7345652,8339.9,"게이트볼장,농구장,야외운동기구","그네,조합놀이대,흔들놀이기구",화장실,,,1980-04-02,인천광역시 계양구청,032-450-5663,176361.4863,549924.2871,인천광역시 계양구청,
155,28245-00026,학마을공원,어린이공원,야외운동기구,인천광역시 계양구 용종로115,계양구,인천광역시 계양구 병방동 432-4,37.544061,126.741714,6634,야외운동기구,"그네,조합놀이대,흔들놀이기구",화장실,,바닥분수,1992-12-28,인천광역시 계양구청,032-450-5663,177176.0119,549432.1598,인천광역시 계양구청,
156,28245-00027,초정공원,어린이공원,야외운동기구,인천광역시 계양구 계양문화로154,계양구,인천광역시 계양구 용종동 213-1,37.540806,126.741487,2368.1,"야외운동기구,농구장","그네,조합놀이대",화장실,,,1992-12-28,인천광역시 계양구청,032-450-5663,177138.6563,549070.4384,인천광역시 계양구청,농구장 추가
157,28245-00028,은행공원,어린이공원,야외운동기구,인천광역시 계양구 오조산로76,계양구,인천광역시 계양구 계산동 1084-1,37.537515,126.739268,2500.6,야외운동기구,"그네,조합놀이대",화장실,,,1992-12-28,인천광역시 계양구청,032-450-5663,176944.138,548693.8214,인천광역시 계양구청,농구장 추가
158,28245-00029,도두리공원,어린이공원,야외운동기구,인천광역시 계양구 오조산로8,계양구,인천광역시 계양구 작전동 912-2,37.531117,126.738663,3000.2,야외운동기구,조합놀이대,화장실,,,1992-12-28,인천광역시 계양구청,032-450-5663,176929.4701,547961.0583,인천광역시 계양구청,
159,28245-00030,개나리공원,어린이공원,야외운동기구,,계양구,인천광역시 계양구 계산동 1067-1,37.538467,126.732629,625.7,야외운동기구,조합놀이대,,,,1992-12-28,인천광역시 계양구청,032-450-5663,176371.947,548804.8582,인천광역시 계양구청,
160,28245-00031,계산4공원,어린이공원,야외운동기구,,계양구,"인천광역시 계양구 계산동 1068-1,4",37.537844,126.733346,2143.4,야외운동기구,조합놀이대,,,,1999-03-13,인천광역시 계양구청,032-450-5663,176464.0807,548744.527,인천광역시 계양구청,
161,28245-00032,샘터공원,어린이공원,야외운동기구,,계양구,인천광역시 계양구 귤현동 509-5,37.567871,126.7455197,1599.9,야외운동기구,조합놀이대,,,,1997-03-04,인천광역시 계양구청,032-450-5663,177504.5054,552059.6622,인천광역시 계양구청,
162,28245-00033,안골공원,어린이공원,다목적운동장,,계양구,인천광역시 계양구 귤현동 486-7,37.569731,126.746656,2089.8,"다목적운동장,야외운동기구","그네,시소,조합놀이대",,,,1997-03-04,인천광역시 계양구청,032-450-5663,177616.0025,552287.0605,인천광역시 계양구청,
163,28245-00033,안골공원,어린이공원,야외운동기구,,계양구,인천광역시 계양구 귤현동 486-7,37.569731,126.746656,2089.8,"다목적운동장,야외운동기구","그네,시소,조합놀이대",,,,1997-03-04,인천광역시 계양구청,032-450-5663,177605.2065,552286.5267,인천광역시 계양구청,
164,28245-00034,굴재공원,어린이공원,야외운동기구,,계양구,인천광역시 계양구 귤현동 499-6,37.567837,126.749061,1600.4,야외운동기구,조합놀이대,,,,1997-03-04,인천광역시 계양구청,032-450-5663,177832.7633,552088.8497,인천광역시 계양구청,
165,28245-00035,동양택지1공원,어린이공원,야외운동기구,,계양구,인천광역시 계양구 동양동 575-1,37.559121,126.753387,2368,"야외운동기구,농구장",조합놀이대,,,,1990-12-28,인천광역시 계양구청,032-450-5663,178217.6967,551081.5823,인천광역시 계양구청,농구장 추가
166,28245-00036,동양택지2공원,어린이공원,야외운동기구,,계양구,인천광역시 계양구 동양동 582-1,37.558668,126.758269,1930.2,야외운동기구,"그네,조합놀이대,흔들놀이기구",,,,1990-12-28,인천광역시 계양구청,032-450-5663,178636.1941,551054.2288,인천광역시 계양구청,
167,28245-00037,동산공원,어린이공원,야외운동기구,,계양구,인천광역시 계양구 장기동 131,37.579626,126.730612,4845.9,야외운동기구,조합놀이대,,,,1994-08-22,인천광역시 계양구청,032-450-5663,176193.0606,553324.873,인천광역시 계양구청,
168,28245-00038,장기공원,어린이공원,야외운동기구,,계양구,인천광역시 계양구 장기동 124,37.6448435,126.6677151,1683.8,야외운동기구,"조합놀이대,흔들놀이기구",,,,1994-08-22,인천광역시 계양구청,032-450-5663,176261.3974,553170.0142,인천광역시 계양구청,
169,28245-00039,중앙공원,어린이공원,야외운동기구,,계양구,인천광역시 계양구 장기동 136,37.577698,126.734243,2384.5,야외운동기구,"시소,조합놀이대",,,,1994-08-22,인천광역시 계양구청,032-450-5663,176554.7755,553143.544,인천광역시 계양구청,
170,28245-00040,장터공원,어린이공원,야외운동기구,,계양구,인천광역시 계양구 장기동 146,37.578318,126.736696,2202.8,야외운동기구,"조합놀이대,흔들놀이기구",,,,1994-08-22,인천광역시 계양구청,032-450-5663,176769.0246,553257.7875,인천광역시 계양구청,
171,28245-00041,양지말공원,어린이공원,야외운동기구,,계양구,인천광역시 계양구 동양동 592,37.563703,126.753786,8957.7,야외운동기구,"조합놀이대,흔들놀이기구",화장실,,,1996-12-04,인천광역시 계양구청,032-450-5663,178281.8429,551643.4923,인천광역시 계양구청,
172,28245-00042,모텡이공원,어린이공원,야외운동기구,,계양구,인천광역시 계양구 동양동 607,37.5618805,126.7544957,1637.5,야외운동기구,"그네,조합놀이대,흔들놀이기구",,,,1996-12-04,인천광역시 계양구청,032-450-5663,178316.6575,551369.76,인천광역시 계양구청,
173,28245-00043,서녘공원,어린이공원,야외운동기구,,계양구,인천광역시 계양구 동양동 620-2,37.560928,126.7577572,1517.3,야외운동기구,"그네,조합놀이대",,,,1996-12-04,인천광역시 계양구청,032-450-5663,178618.6994,551289.7333,인천광역시 계양구청,
174,28245-00044,살나리공원,어린이공원,야외운동기구,,계양구,인천광역시 계양구 서운동 185-1,37.5363621,126.7462881,2053.5,"야외운동기구,배드민턴장","그네,조합놀이대,흔들놀이기구",,,,1999-03-13,인천광역시 계양구청,032-450-5663,177554.1956,548541.5621,인천광역시 계양구청,배드민턴장 추가
175,28245-00045,계산1호공원,어린이공원,야외운동기구,,계양구,인천광역시 계양구 계산동 944-20,37.5427935,126.7236878,1197.4,"야외운동기구,농구장",조합놀이대,,,,2004-05-17,인천광역시 계양구청,032-450-5663,175582.3418,549296.5394,인천광역시 계양구청,농구장 추가
176,28245-00046,들놀이공원,어린이공원,다목적운동장,,계양구,인천광역시 계양구 귤현동 248-1,37.5656003,126.751642,6285,"다목적운동장,야외운동기구","그네,조합놀이대,흔들놀이기구",화장실,,,2010-03-16,인천광역시 계양구청,032-450-5663,178062.4575,551799.9886,인천광역시 계양구청,
177,28245-00046,들놀이공원,어린이공원,야외운동기구,,계양구,인천광역시 계양구 귤현동 248-1,37.5656003,126.751642,6285,"다목적운동장,야외운동기구","그네,조합놀이대,흔들놀이기구",화장실,,,2010-03-16,인천광역시 계양구청,032-450-5663,178042.1951,551807.6623,인천광역시 계양구청,
178,28245-00047,소양공원,어린이공원,야외운동기구,인천광역시 계양구 박촌로 83(박촌동),계양구,인천광역시 계양구 박촌동 38외 7,37.558322,126.741783,2431,야외운동기구,조합놀이대,화장실,,,2017-01-16,인천광역시 계양구청,032-450-5663,177183.7807,551020.5442,인천광역시 계양구청,
179,28245-00006,계산공원,체육공원,농구장,인천광역시 계양구 주부토로570,계양구,인천광역시 계양구 계산동 907-1,37.544961,126.728714,22280,"인조잔디구장,게이트볼장,야외운동기구,농구장","그네,조합놀이대,흔들놀이기구",화장실,,,1994-01-08,인천광역시 계양구청,032-450-5663,176045.7299,549510.6608,인천광역시 계양구청,농구장 추가
180,28245-00015,이촌공원,근린공원,다목적구장,인천광역시 계양구 안남로606,계양구,인천광역시 계양구 효성동 산18,37.536417,126.712576,22810,"야외운동기구,다목적구장","그네,시소,조합놀이대",화장실,,,1944-01-08,인천광역시 계양구청,032-450-5663,174563.232,548611.856,인천광역시 계양구청,다목적구장 추가
181,28245-00017,효성공원,어린이공원,농구장,인천광역시 계양구 새벌로111번길7,계양구,인천광역시 계양구 효성동 223,37.526696,126.715615,10877,"인조잔디구장,야외운동기구,농구장","그네,조합놀이대",화장실,,,1990-12-28,인천광역시 계양구청,032-450-5663,174913.2199,547486.703,인천광역시 계양구청,농구장 추가
182,28245-00018,작전공원,어린이공원,배드민턴장,인천광역시 계양구 아나지로307번길1,계양구,인천광역시 계양구 작전동 414,37.526187,126.7256904,9427.1,"인조잔디구장,야외운동기구,배드민턴장,농구장","그네,조합놀이대",화장실,,,1990-12-28,인천광역시 계양구청,032-450-5663,175725.0717,547482.5137,인천광역시 계양구청,"배드민턴장,농구장 추가"
183,28245-00018,작전공원,어린이공원,농구장,인천광역시 계양구 아나지로307번길1,계양구,인천광역시 계양구 작전동 414,37.526187,126.7256904,9427.1,"인조잔디구장,야외운동기구,배드민턴장,농구장","그네,조합놀이대",화장실,,,1990-12-28,인천광역시 계양구청,032-450-5663,175743.0816,547395.5113,인천광역시 계양구청,"배드민턴장,농구장 추가"
184,28245-00027,초정공원,어린이공원,농구장,인천광역시 계양구 계양문화로154,계양구,인천광역시 계양구 용종동 213-1,37.540806,126.741487,2368.1,"야외운동기구,농구장","그네,조합놀이대",화장실,,,1992-12-28,인천광역시 계양구청,032-450-5663,177148.9211,549081.292,인천광역시 계양구청,농구장 추가
185,28245-00028,은행공원,어린이공원,농구장,인천광역시 계양구 오조산로76,계양구,인천광역시 계양구 계산동 1084-1,37.537515,126.739268,2500.6,야외운동기구,"그네,조합놀이대",화장실,,,1992-12-28,인천광역시 계양구청,032-450-5663,176947.3985,548677.9579,인천광역시 계양구청,농구장 추가
186,28245-00031,계산4공원,어린이공원,야외운동기구,,계양구,"인천광역시 계양구 계산동 1068-1,4",37.537844,126.733346,2143.4,야외운동기구,조합놀이대,,,,1999-03-13,인천광역시 계양구청,032-450-5663,176424.0328,548759.7977,인천광역시 계양구청,
187,28245-00032,샘터공원,어린이공원,야외운동기구,,계양구,인천광역시 계양구 귤현동 509-5,37.567871,126.7455197,1599.9,야외운동기구,조합놀이대,,,,1997-03-04,인천광역시 계양구청,032-450-5663,177501.0885,552080.0245,인천광역시 계양구청,
188,28245-00033,안골공원,어린이공원,야외운동기구,,계양구,인천광역시 계양구 귤현동 486-7,37.569731,126.746656,2089.8,"다목적운동장,야외운동기구","그네,시소,조합놀이대",,,,1997-03-04,인천광역시 계양구청,032-450-5663,177635.0287,552292.8789,인천광역시 계양구청,
189,28245-00035,동양택지1공원,어린이공원,농구장,,계양구,인천광역시 계양구 동양동 575-1,37.559121,126.753387,2368,"야외운동기구,농구장",조합놀이대,,,,1990-12-28,인천광역시 계양구청,032-450-5663,178213.1725,551096.1686,인천광역시 계양구청,농구장 추가
190,28245-00038,장기공원,어린이공원,야외운동기구,,계양구,인천광역시 계양구 장기동 124,37.6448435,126.6677151,1683.8,야외운동기구,"조합놀이대,흔들놀이기구",,,,1994-08-22,인천광역시 계양구청,032-450-5663,176257.766,553156.0992,인천광역시 계양구청,
191,28245-00038,장기공원,어린이공원,야외운동기구,,계양구,인천광역시 계양구 장기동 124,37.6448435,126.6677151,1683.8,야외운동기구,"조합놀이대,흔들놀이기구",,,,1994-08-22,인천광역시 계양구청,032-450-5663,176274.6022,553150.6304,인천광역시 계양구청,
192,28245-00038,장기공원,어린이공원,야외운동기구,,계양구,인천광역시 계양구 장기동 124,37.6448435,126.6677151,1683.8,야외운동기구,"조합놀이대,흔들놀이기구",,,,1994-08-22,인천광역시 계양구청,032-450-5663,176282.3227,553142.2017,인천광역시 계양구청,
193,28245-00039,중앙공원,어린이공원,야외운동기구,,계양구,인천광역시 계양구 장기동 136,37.577698,126.734243,2384.5,야외운동기구,"시소,조합놀이대",,,,1994-08-22,인천광역시 계양구청,032-450-5663,176540.6173,553177.9301,인천광역시 계양구청,
194,28245-00039,중앙공원,어린이공원,야외운동기구,,계양구,인천광역시 계양구 장기동 136,37.577698,126.734243,2384.5,야외운동기구,"시소,조합놀이대",,,,1994-08-22,인천광역시 계양구청,032-450-5663,176526.0623,553167.5301,인천광역시 계양구청,
195,28245-00040,장터공원,어린이공원,야외운동기구,,계양구,인천광역시 계양구 장기동 146,37.578318,126.736696,2202.8,야외운동기구,"조합놀이대,흔들놀이기구",,,,1994-08-22,인천광역시 계양구청,032-450-5663,176727.1925,553240.2547,인천광역시 계양구청,
196,28245-00040,장터공원,어린이공원,야외운동기구,,계양구,인천광역시 계양구 장기동 146,37.578318,126.736696,2202.8,야외운동기구,"조합놀이대,흔들놀이기구",,,,1994-08-22,인천광역시 계양구청,032-450-5663,176758.215,553229.9384,인천광역시 계양구청,
197,28245-00043,서녘공원,어린이공원,야외운동기구,,계양구,인천광역시 계양구 동양동 620-2,37.560928,126.7577572,1517.3,야외운동기구,"그네,조합놀이대",,,,1996-12-04,인천광역시 계양구청,032-450-5663,178609.7381,551302.4961,인천광역시 계양구청,
198,28245-00044,살나리공원,어린이공원,배드민턴장,,계양구,인천광역시 계양구 서운동 185-1,37.5363621,126.7462881,2053.5,"야외운동기구,배드민턴장","그네,조합놀이대,흔들놀이기구",,,,1999-03-13,인천광역시 계양구청,032-450-5663,177556.7546,548553.0893,인천광역시 계양구청,배드민턴장 추가
199,28245-00045,계산1호공원,어린이공원,농구장,,계양구,인천광역시 계양구 계산동 944-20,37.5427935,126.7236878,1197.4,"야외운동기구,농구장",조합놀이대,,,,2004-05-17,인천광역시 계양구청,032-450-5663,175587.066,549284.1775,인천광역시 계양구청,농구장 추가
200,28245-00046,들놀이공원,어린이공원,야외운동기구,,계양구,인천광역시 계양구 귤현동 248-1,37.5656003,126.751642,6285,"다목적운동장,야외운동기구","그네,조합놀이대,흔들놀이기구",화장실,,,2010-03-16,인천광역시 계양구청,032-450-5663,178077.5627,551816.4262,인천광역시 계양구청,
201,,건강공원,,테니스장,,부평구,인천광역시 부평구 삼산동 518,37.517365,126.749441,,"테니스장4면,야외운동기구7점",,화장실,야외무대1동,,,인천광역시 부평구청,,177835.6148,546443.2441,인천광역시 부평구청,
202,,구산공원,,농구장,,부평구,인천광역시 부평구 구산동 361,37.475737,126.748598,,"농구장1면,배드민턴장1면,야외운동기구4점",,,,,,인천광역시 부평구청,,177749.4087,541845.7876,인천광역시 부평구청,
203,,구산공원,,배드민턴장,,부평구,인천광역시 부평구 구산동 361,37.475737,126.748598,,"농구장1면,배드민턴장1면,야외운동기구4점",,,,,,인천광역시 부평구청,,177768.269,541839.9823,인천광역시 부평구청,족구장->배드민턴장 변경
204,,구산공원,,야외운동기구,,부평구,인천광역시 부평구 구산동 361,37.475737,126.748598,,"농구장1면,배드민턴장1면,야외운동기구4점",,,,,,인천광역시 부평구청,,177780.199,541836.34,인천광역시 부평구청,
205,,굴포공원,,배드민턴장,,부평구,인천광역시 부평구 갈산동 373-1,37.5091745,126.725073,,"배드민턴장2면,야외운동기구9점",,,,,,인천광역시 부평구청,,175726.0288,545556.7398,인천광역시 부평구청,
206,,대촌공원,,농구장,인천광역시 부평구 부흥로 430,부평구,인천광역시 부평구 부개동 502-16,37.4970731,126.740486,,"농구장1면,배드민턴장2면,야외운동기구10점",,,,,,인천광역시 부평구청,,177098.0268,544210.9474,인천광역시 부평구청,
207,,대촌공원,,배드민턴장,인천광역시 부평구 부흥로 430,부평구,인천광역시 부평구 부개동 502-16,37.4970731,126.740486,,"농구장1면,배드민턴장2면,야외운동기구10점",,,,,,인천광역시 부평구청,,176951.3719,544195.1345,인천광역시 부평구청,
208,,대촌공원,,야외운동기구,인천광역시 부평구 부흥로 430,부평구,인천광역시 부평구 부개동 502-16,37.4970731,126.740486,,"농구장1면,배드민턴장2면,야외운동기구10점",,,,,,인천광역시 부평구청,,177005.0084,544222.7345,인천광역시 부평구청,
209,,동소정공원,,농구장,,부평구,인천광역시 부평구 부개동 499-5,37.5016518,126.741239,,농구장1면,,,,,,인천광역시 부평구청,,177121.7024,544729.0818,인천광역시 부평구청,
210,,동심공원,,농구장,,부평구,인천광역시 부평구 삼산동 456-11,37.509501,126.741924,,"농구장1면,야외운동기구7점",,,,,,인천광역시 부평구청,,177186.3265,545605.5924,인천광역시 부평구청,
211,,동심공원,,야외운동기구,,부평구,인천광역시 부평구 삼산동 456-11,37.509501,126.741924,,"농구장1면,야외운동기구7점",,,,,,인천광역시 부평구청,,177182.118,545580.69,인천광역시 부평구청,
212,,뫼골공원,,농구장,,부평구,인천광역시 부평구 산곡동 56-3,37.5002612,126.7019,,"농구장1면,배드민턴장2면,야외운동기구7점",,,,,,인천광역시 부평구청,,173553.9709,546064.3969,인천광역시 부평구청,
213,,뫼골공원,,배드민턴장,,부평구,인천광역시 부평구 산곡동 56-3,37.5002612,126.7019,,"농구장1면,배드민턴장2면,야외운동기구7점",,,,,,인천광역시 부평구청,,173562.2268,546080.3682,인천광역시 부평구청,
214,,뫼골공원,,야외운동기구,,부평구,인천광역시 부평구 산곡동 56-3,37.5002612,126.7019,,"농구장1면,배드민턴장2면,야외운동기구7점",,,,,,인천광역시 부평구청,,173578.0863,546072.4802,인천광역시 부평구청,
215,,방촌공원,,농구장,인천광역시 부평구 부흥로 425,부평구,인천광역시 부평구 부개동 500-7,37.497978,126.738164,,"농구장1면,배드민턴장1면,야외운동기구4점",,,,,,인천광역시 부평구청,,176794.4714,544319.6832,인천광역시 부평구청,
216,,방촌공원,,야외운동기구,인천광역시 부평구 부흥로 425,부평구,인천광역시 부평구 부개동 500-7,37.497978,126.738164,,"농구장1면,배드민턴장1면,야외운동기구4점",,,,,,인천광역시 부평구청,,176858.2857,544304.7767,인천광역시 부평구청,
217,,백운공원,,족구장,,부평구,인천광역시 부평구 십정동 186-419,37.4822708,126.702899,,"축구장1면,족구장1면,게이트볼장2면,조깅트랙655m,야외운동기구11점",,,,,,인천광역시 부평구청,,173767.339,542542.1151,인천광역시 부평구청,
218,,백운공원 ,,축구장,,부평구,인천광역시 부평구 십정동 186-419,37.4822708,126.702899,,"축구장1면,족구장1면,게이트볼장2면,조깅트랙655m,야외운동기구11점",,,,,,인천광역시 부평구청,,173722.4711,542577.8732,인천광역시 부평구청,
219,,백운공원,,게이트볼장,인천광역시 부평구 아트센터로 168,부평구,인천광역시 부평구 십정동 186-408,37.4832193,126.703856,,"축구장1면,족구장1면,게이트볼장2면,조깅트랙655m,야외운동기구11점",,,,,,인천광역시 부평구청,,173821.2112,542722.3353,인천광역시 부평구청,
220,,복개천 ,,농구장,,부평구,인천광역시 부평구 갈산동 192,37.5161513,126.722559,,농구장1면,,,,,,인천광역시 부평구청,,175613.0148,546253.1598,인천광역시 부평구청,
221,,부개공원,,배드민턴장,인천광역시 부평구 길주로 708,부평구,인천광역시 부평구 부개동 497-2,37.5059935,126.740726,,"배드민턴장3면,야외운동기구4점",,,,,,인천광역시 부평구청,,177080.2692,545199.8722,인천광역시 부평구청,
222,,부개공원,,야외운동기구,인천광역시 부평구 길주로 708,부평구,인천광역시 부평구 부개동 497-2,37.5059935,126.740726,,"배드민턴장3면,야외운동기구4점",,,,,,인천광역시 부평구청,,177091.2582,545203.9536,인천광역시 부평구청,
223,,부들공원,,게이트볼장,,부평구,인천광역시 부평구 삼산동 541,37.5158415,126.749085,,"게이트볼장1면,야외운동기구3점",,,,,,인천광역시 부평구청,,177773.5456,546256.3122,인천광역시 부평구청,
224,,부들공원,,야외운동기구,,부평구,인천광역시 부평구 삼산동 541,37.5158415,126.749085,,"게이트볼장1면,야외운동기구3점",,,,,,인천광역시 부평구청,,177783.1977,546233.0715,인천광역시 부평구청,
225,,부이공원,,농구장,,부평구,인천광역시 부평구 부개동 514,37.4907467,126.739874,,"농구장1면,야외운동기구8점",,,,,,인천광역시 부평구청,,176946.2889,543503.3572,인천광역시 부평구청,
226,,부이공원,,야외운동기구,,부평구,인천광역시 부평구 부개동 514,37.4907467,126.739874,,"농구장1면,야외운동기구8점",,,,,,인천광역시 부평구청,,176983.3397,543504.1892,인천광역시 부평구청,
227,,부평공원,,농구장,,부평구,인천광역시 부평구 부평동 299,37.489553,126.714652,,"농구장1면,배드민턴장,게이트볼장1면,야외운동기구23점",,,,,,인천광역시 부평구청,,174807.1768,543348.6013,인천광역시 부평구청,
228,,부평공원,,배드민턴장,,부평구,인천광역시 부평구 부평동 299,37.489553,126.714652,,"농구장1면,배드민턴장,게이트볼장1면,야외운동기구23점",,,,,,인천광역시 부평구청,,174865.6842,543376.0153,인천광역시 부평구청,족구장->배드민턴장 변경
229,,부평공원,,게이트볼장,,부평구,인천광역시 부평구 부평동 299,37.489553,126.714652,,"농구장1면,배드민턴장,게이트볼장1면,야외운동기구23점",,,,,,인천광역시 부평구청,,174842.6982,543358.3184,인천광역시 부평구청,
230,,부평공원,,야외운동기구,,부평구,인천광역시 부평구 부평동 299,37.489553,126.714652,,"농구장1면,배드민턴장,게이트볼장1면,야외운동기구23점",,,,,,인천광역시 부평구청,,174852.7221,543384.6279,인천광역시 부평구청,
231,,부흥공원,,게이트볼장,인천광역시 부평구 부평문화로129번길 18-1,부평구,인천광역시 부평구 부평동 178,37.4950167,126.731514,,"게이트볼장1면,야외운동기구8점",,,,,,인천광역시 부평구청,,176233.4749,543985.6226,인천광역시 부평구청,
232,,부흥공원,,야외운동기구,인천광역시 부평구 부평문화로129번길 18-1,부평구,인천광역시 부평구 부평동 178,37.4950167,126.731514,,"게이트볼장1면,야외운동기구8점",,,,,,인천광역시 부평구청,,176274.1365,543984.3564,인천광역시 부평구청,
233,,분수공원,,인라인스케이트장,,부평구,인천광역시 부평구 삼산동 458-4,37.5075705,126.740834,,"인라인스케이트장1식,족구장1면,배드민턴장1면,야외운동기구11점",,,,,,인천광역시 부평구청,,177034.2483,545363.5645,인천광역시 부평구청,
234,,삼산게이트볼,,게이트볼장,인천광역시 부평구 후정동로 9,부평구,인천광역시 부평구 삼산동 197,37.5182937,126.737403,,게이트볼장1면,,,,,,인천광역시 부평구청,,176758.9296,546565.1603,인천광역시 부평구청,
235,,삼산유수지,,운동장,,부평구,인천광역시 부평구 삼산동 450-1,37.5144342,126.744079,,"운동장1면,농구장1면,족구장2면,배드민턴장2면,조깅트랙385m",,,야외무대1동,,,인천광역시 부평구청,,177308.3782,546130.6259,인천광역시 부평구청,
236,,삼산유수지,,농구장,,부평구,인천광역시 부평구 삼산동 450-1,37.5144342,126.744079,,"운동장1면,농구장1면,족구장2면,배드민턴장2면,조깅트랙385m",,,야외무대1동,,,인천광역시 부평구청,,177345.8995,546100.8383,인천광역시 부평구청,
237,,삼산유수지 ,,족구장,,부평구,인천광역시 부평구 삼산동 450-1,37.5144342,126.744079,,"운동장1면,농구장1면,족구장2면,배드민턴장2면,조깅트랙385m",,,야외무대1동,,,인천광역시 부평구청,,177361.7082,546136.203,인천광역시 부평구청,
238,,삼산유수지 ,,배드민턴장,,부평구,인천광역시 부평구 삼산동 450-1,37.5144342,126.744079,,"운동장1면,농구장1면,족구장2면,배드민턴장2면,조깅트랙385m",,,야외무대1동,,,인천광역시 부평구청,,177265.7749,546138.6575,인천광역시 부평구청,
239,,삼산유수지 ,,조깅트랙,,부평구,인천광역시 부평구 삼산동 450-1,37.5144342,126.744079,,"운동장1면,농구장1면,족구장2면,배드민턴장2면,조깅트랙385m",,,야외무대1동,,,인천광역시 부평구청,,177343.4741,546180.5724,인천광역시 부평구청,
240,,상꾸지공원,,야외운동기구,인천광역시 부평구 주부토로 211,부평구,인천광역시 부평구 갈산동 361-2,37.5139776,126.725428,,"게이트볼장1면,야외운동기구6점",,,,,,인천광역시 부평구청,,175717.6312,546074.2938,인천광역시 부평구청,
241,,새울공원,,배드민턴장,,부평구,인천광역시 부평구 부개동 499-3,37.5033803,126.740588,,배드민턴장1면,,,,,,인천광역시 부평구청,,177077.6112,544915.9102,인천광역시 부평구청,
242,,세영공원,,농구장,인천광역시 부평구 부개로 11,부평구,인천광역시 부평구 부개동 500-1,37.4993298,126.738318,,"농구장1면,배드민턴장2면,야외운동기구6점",,,,,,인천광역시 부평구청,,176741.5737,544479.6721,인천광역시 부평구청,
243,,세영공원,,배드민턴장,인천광역시 부평구 부개로 11,부평구,인천광역시 부평구 부개동 500-1,37.4993298,126.738318,,"농구장1면,배드민턴장2면,야외운동기구6점",,,,,,인천광역시 부평구청,,176718.9665,544484.3421,인천광역시 부평구청,
244,,세영공원,,야외운동기구,인천광역시 부평구 부개로 11,부평구,인천광역시 부평구 부개동 500-1,37.4993298,126.738318,,"농구장1면,배드민턴장2면,야외운동기구6점",,,,,,인천광역시 부평구청,,176767.2888,544535.7351,인천광역시 부평구청,
245,,신궁동공원,,농구장,,부평구,인천광역시 부평구 부개동 496-12,37.5045938,126.739283,,농구장1면,,,,,,인천광역시 부평구청,,176984.6991,545045.1538,인천광역시 부평구청,
246,,신트리공원,,농구장,인천광역시 부평구 신트리로 21,부평구,인천광역시 부평구 부평동 880,37.5065219,126.72351,,"농구장1면,배드민턴장4면,테니스장5면,축구장1면,족구장1면,조깅트랙350m,야외운동기구22점",,,,,,인천광역시 부평구청,,175818.8013,545318.1246,인천광역시 부평구청,
247,,신트리공원,,배드민턴장,인천광역시 부평구 신트리로 21,부평구,인천광역시 부평구 부평동 880,37.5065219,126.72351,,"농구장1면,배드민턴장4면,테니스장5면,축구장1면,족구장1면,조깅트랙350m,야외운동기구22점",,,,,,인천광역시 부평구청,,175868.2589,545295.3073,인천광역시 부평구청,
248,,신트리공원 ,,테니스장,인천광역시 부평구 신트리로 21,부평구,인천광역시 부평구 부평동 880,37.5065219,126.72351,,"농구장1면,배드민턴장4면,테니스장5면,축구장1면,족구장1면,조깅트랙350m,야외운동기구22점",,,,,,인천광역시 부평구청,,175830.7402,545292.4192,인천광역시 부평구청,
249,,신트리공원 ,,축구장,인천광역시 부평구 신트리로 21,부평구,인천광역시 부평구 부평동 880,37.5065219,126.72351,,"농구장1면,배드민턴장4면,테니스장5면,축구장1면,족구장1면,조깅트랙350m,야외운동기구22점",,,,,,인천광역시 부평구청,,175672.9074,545253.7032,인천광역시 부평구청,
250,,신트리공원 ,,야외운동기구,인천광역시 부평구 신트리로 21,부평구,인천광역시 부평구 부평동 891,37.50653,126.72696,,"농구장1면,배드민턴장4면,테니스장5면,축구장1면,족구장1면,조깅트랙350m,야외운동기구22점",,,,,,인천광역시 부평구청,,175826.586,545267.9317,인천광역시 부평구청,
251,,십정공원,,테니스장,,부평구,인천광역시 부평구 십정동 산37,37.479828,126.70604,,"테니스장3면,족구장2면",,화장실,,,,인천광역시 부평구청,,174000.0592,542325.2923,인천광역시 부평구청,
252,,십정공원,,족구장,,부평구,인천광역시 부평구 십정동 산37,37.479828,126.70604,,"테니스장3면,족구장2면",,화장실,,,,인천광역시 부평구청,,174024.5545,542280.8179,인천광역시 부평구청,
253,,십정체육공원,,테니스장,,부평구,인천광역시 부평구 십정동 101-2,37.4773973,126.699707,,"테니스장6면,농구장2면,게이트볼장2면",,,,,,인천광역시 부평구청,,172937.6226,542332.9945,인천광역시 부평구청,
254,,십정체육공원,,농구장,,부평구,인천광역시 부평구 십정동 101-2,37.4773973,126.699707,,"테니스장6면,농구장2면,게이트볼장2면",,,,,,인천광역시 부평구청,,172855.0684,542248.8969,인천광역시 부평구청,
255,,십정체육공원,,게이트볼장,,부평구,인천광역시 부평구 십정동 101-2,37.4773973,126.699707,,"테니스장6면,농구장2면,게이트볼장2면",,,,,,인천광역시 부평구청,,173011.6218,542263.496,인천광역시 부평구청,
256,,영성공원,,농구장,,부평구,인천광역시 부평구 삼산동 388-2,37.5214992,126.740525,,"농구장1면,배드민턴장2면,야외운동기구3점",,,,,,인천광역시 부평구청,,177065.1632,546893.8529,인천광역시 부평구청,
257,,원적산공원,,축구장,,부평구,인천광역시 부평구 청천동 산27-2,37.5129709,126.69012,,"축구장1면,농구장1면,족구장2면,배드민턴장4면",,,,,,인천광역시 부평구청,,172852.2231,545936.9774,인천광역시 부평구청,
258,,원적산공원,,농구장,,부평구,인천광역시 부평구 청천동 산27-2,37.5129709,126.69012,,"축구장1면,농구장1면,족구장2면,배드민턴장4면",,,,,,인천광역시 부평구청,,172767.2658,545914.9888,인천광역시 부평구청,
259,,원적산공원,,족구장,,부평구,인천광역시 부평구 청천동 산27-2,37.5129709,126.69012,,"축구장1면,농구장1면,족구장2면,배드민턴장4면",,,,,,인천광역시 부평구청,,172802.8446,545868.1485,인천광역시 부평구청,
260,,원적산공원,,배드민턴장,,부평구,인천광역시 부평구 청천동 산27-2,37.5129709,126.69012,,"축구장1면,농구장1면,족구장2면,배드민턴장4면",,,,,,인천광역시 부평구청,,172791.102,545886.349,인천광역시 부평구청,
261,,원적산체육공원,,농구장,,부평구,인천광역시 부평구 산곡동 179-140,37.507682,126.693535,,"농구장1면,배드민턴장2면,족구장2면,테니스장3면,야외운동기구24점",,화장실,,정자,,인천광역시 부평구청,,172959.2869,545386.1056,인천광역시 부평구청,
262,,원적산체육공원,,배드민턴장,,부평구,인천광역시 부평구 산곡동 179-140,37.507682,126.693535,,"농구장1면,배드민턴장2면,족구장2면,테니스장3면,야외운동기구24점",,화장실,,정자,,인천광역시 부평구청,,172950.0142,545372.9034,인천광역시 부평구청,
263,,원적산체육공원,,족구장,,부평구,인천광역시 부평구 산곡동 179-140,37.507682,126.693535,,"농구장1면,배드민턴장2면,족구장2면,테니스장3면,야외운동기구24점",,화장실,,정자,,인천광역시 부평구청,,172900.333,545469.9512,인천광역시 부평구청,
264,,원적산체육공원,,테니스장,,부평구,인천광역시 부평구 산곡동 179-140,37.507682,126.693535,,"농구장1면,배드민턴장2면,족구장2면,테니스장3면,야외운동기구24점",,화장실,,정자,,인천광역시 부평구청,,172868.1479,545437.8442,인천광역시 부평구청,
265,,원적산체육공원,,야외운동기구,,부평구,인천광역시 부평구 산곡동 179-140,37.507682,126.693535,,"농구장1면,배드민턴장2면,족구장2면,테니스장3면,야외운동기구24점",,화장실,,정자,,인천광역시 부평구청,,172956.9086,545420.3176,인천광역시 부평구청,
266,,자원재활용센터 ,,게이트볼장,인천광역시 부평구 수변로 175,부평구,인천광역시 부평구 부개동 499-7,37.5018906,126.743296,,게이트볼장1면,,,,,,인천광역시 부평구청,,177302.3223,544768.2086,인천광역시 부평구청,
267,,중부동공원,,농구장,인천광역시 부평구 부흥북로 102,부평구,인천광역시 부평구 부평동 104-10,37.5004172,126.733044,,"농구장1면,게이트볼장1면,야외운동기구9점",,,,,,인천광역시 부평구청,,176391.5245,544603.2112,인천광역시 부평구청,
268,,중부동공원,,게이트볼장,인천광역시 부평구 부흥북로 102,부평구,인천광역시 부평구 부평동 104-10,37.5004172,126.733044,,"농구장1면,게이트볼장1면,야외운동기구9점",,,,,,인천광역시 부평구청,,176408.8596,544578.5557,인천광역시 부평구청,
269,,중부동공원,,야외운동기구,인천광역시 부평구 부흥북로 102,부평구,인천광역시 부평구 부평동 104-10,37.5004172,126.733044,,"농구장1면,게이트볼장1면,야외운동기구9점",,,,,,인천광역시 부평구청,,176405.9583,544601.5675,인천광역시 부평구청,
270,,청운공원,,농구장,인천광역시 부평구 수변로 189,부평구,인천광역시 부평구 부개동 499-6,37.5021418,126.742786,,"농구장1면,배드민턴장1면,야외운동기구5점",,,,,,인천광역시 부평구청,,177262.8954,544811.0251,인천광역시 부평구청,
271,,청운공원,,야외운동기구,인천광역시 부평구 수변로 189,부평구,인천광역시 부평구 부개동 499-6,37.5021418,126.742786,,"농구장1면,배드민턴장1면,야외운동기구5점",,,,,,인천광역시 부평구청,,177279.9203,544763.6705,인천광역시 부평구청,
272,,후정공원,,농구장,인천광역시 부평구 영성서로 58,부평구,인천광역시 부평구 삼산동386,37.5235515,126.743742,,"농구장1면,배드민턴장1면,야외운동기구11점",,,,,,인천광역시 부평구청,,177402.953,547149.1903,인천광역시 부평구청,
273,,후정공원,,배드민턴장,인천광역시 부평구 영성서로 58,부평구,인천광역시 부평구 삼산동386,37.5235515,126.743742,,"농구장1면,배드민턴장1면,야외운동기구11점",,,,,,인천광역시 부평구청,,177481.8743,547150.4039,인천광역시 부평구청,
274,,희망공원,,게이트볼장,,부평구,인천광역시 부평구 부평동 산34-16,37.4838475,126.713792,,"게이트볼장1면,야외운동기구",,,,,,인천광역시 부평구청,,174584.4263,542603.8459,인천광역시 부평구청,
275,,희망공원,,야외운동기구,,부평구,인천광역시 부평구 부평동 산34-16,37.4838475,126.713792,,"게이트볼장1면,야외운동기구",,,,,,인천광역시 부평구청,,174554.9016,542643.6689,인천광역시 부평구청,
276,,희망체육공원,,배드민턴장,인천광역시 부평구 경인로 842,부평구,인천광역시 부평구 부평동 768-320,37.4828074,126.715854,,"배드민턴장2면,족구장1면,농구장1면,조깅트랙240m,게이트볼장1면,야외운동기구17점",,"화장실,음수대",,정자,,인천광역시 부평구청,,174860.8158,542641.1566,인천광역시 부평구청,
277,,희망체육공원,,족구장,인천광역시 부평구 경인로 842,부평구,인천광역시 부평구 부평동 768-320,37.4828074,126.715854,,"배드민턴장2면,족구장1면,농구장1면,조깅트랙240m,게이트볼장1면,야외운동기구17점",,"화장실,음수대",,정자,,인천광역시 부평구청,,174848.1271,542615.3338,인천광역시 부평구청,
278,,희망체육공원,,농구장,인천광역시 부평구 경인로 842,부평구,인천광역시 부평구 부평동 768-320,37.4828074,126.715854,,"배드민턴장2면,족구장1면,농구장1면,조깅트랙240m,게이트볼장1면,야외운동기구17점",,"화장실,음수대",,정자,,인천광역시 부평구청,,174867.3506,542668.8654,인천광역시 부평구청,
279,,희망체육공원,,게이트볼장,인천광역시 부평구 경인로 842,부평구,인천광역시 부평구 부평동 768-320,37.4828074,126.715854,,"배드민턴장2면,족구장1면,농구장1면,조깅트랙240m,게이트볼장1면,야외운동기구17점",,"화장실,음수대",,정자,,인천광역시 부평구청,,174835.4028,542624.6634,인천광역시 부평구청,
280,,희망체육공원,,야외운동기구,인천광역시 부평구 경인로 842,부평구,인천광역시 부평구 부평동 768-320,37.4828074,126.715854,,"배드민턴장2면,족구장1면,농구장1면,조깅트랙240m,게이트볼장1면,야외운동기구17점",,"화장실,음수대",,정자,,인천광역시 부평구청,,174879.8486,542685.5652,인천광역시 부평구청,
281,,삼산 쉼터,,게이트볼장,인천광역시 강화군 삼산면 삼산북로473번길 47,강화군,인천광역시 강화군 삼산면 석모리 302,37.7018534,126.318466,374,"게이트볼장1개,농구장1개",,의자2개,,수목(14본),,인천광역시 강화군청,,139831.2864,567145.7283,인천광역시 강화군청,
282,,망월 쉼터,,게이트볼장,인천광역시 강화군 하점면 망월길202번길 4,강화군,인천광역시 강화군 하점면 망월리 2695,37.7495727,126.364401,2854,"게이트볼장1개,족구장1개",,"파고라1개,등의자4개,평의자4개",,,,인천광역시 강화군청,,144045.628,572371.1183,인천광역시 강화군청,
283,,보호수 주변 편익시설 설치사업,,야외운동기구,,강화군,인천광역시 강화군 송해면 신당리 575-1,37.7629657,126.481007,96,야외운동기구4개,,정자1개,,,,인천광역시 강화군청,,154342.2468,573745.5347,인천광역시 강화군청,
284,,보호수 주변 편익시설 설치사업,,야외운동기구,,강화군,인천광역시 강화군 하점면 부근리 515-8,37.7671393,126.432721,140,야외운동기구4개,,정자1개,,보호수난간,,인천광역시 강화군청,,150089.9834,574245.9154,인천광역시 강화군청,
285,,보호수 주변 편익시설 설치사업,,야외운동기구,,강화군,인천광역시 강화군 하점면 신삼리 243,37.7556656,126.402681,100,야외운동기구3개,,정자1개,,,,인천광역시 강화군청,,147449.3289,572973.9811,인천광역시 강화군청,
286,,보호수 주변 편익시설 설치사업,,야외운동기구,,강화군,인천광역시 강화군 내가면 오상3리 120-1,37.7332478,126.386515,87,야외운동기구5개,,정자1개,,,,인천광역시 강화군청,,146316.0179,570779.5508,인천광역시 강화군청,
287,,누촌마을앞 공터 쉼터,,야외운동기구,,강화군,인천광역시 강화군 양도면 인산리 1289-2 ,37.6995216,126.415934,800,야외운동기구3개,,"파고라1개,앉음벽(18m)",,"돌담(26m),잔디측구(43㎡),판석포장(105㎡)",,인천광역시 강화군청,,147229.854,567044.0083,인천광역시 강화군청,
288,,성결교회앞 공터 쉼터,,야외운동기구,,강화군,인천광역시 강화군 강화읍 남산리 174-6 ,37.7364431,126.479298,810,야외운동기구3개,,"사각평상1개,통나무의자3개",,"마운딩(74㎥),현무암판석포장(135㎡)",,인천광역시 강화군청,,154641.8913,571180.51,인천광역시 강화군청,
289,,강화읍 감곳리 84-2,,야외운동기구,,강화군,인천광역시 강화군 강화읍 갑곳리 84-2,37.7448195,126.497359,1650,야외운동기구6개,,파고라2개,,장식가벽3개,,인천광역시 강화군청,,155756.8471,571710.9399,인천광역시 강화군청,
290,,관청1쉼터(강중뒤),,야외운동기구,,강화군,인천광역시 강화군 강화읍 관청리 34-7,37.7517979,126.49014,986,야외운동기구,,파고라,,"조경석 쌓기(46.2m),인조화강석블럭포장등(374㎡)",,인천광역시 강화군청,,155136.1422,572477.7193,인천광역시 강화군청,
291,,대촌공원,,야외운동기구,인천광역시 부평구 부흥로 430,부평구,인천광역시 부평구 부개동 502-16,37.4970731,126.740486,,"농구장1면,배드민턴장2면,야외운동기구10점",,,,,,인천광역시 부평구청,,177054.8142,544214.1059,인천광역시 부평구청,
292,,원적산공원,,배드민턴장,,부평구,인천광역시 부평구 청천동 산27-2,37.5129709,126.69012,,"축구장1면,농구장1면,족구장2면,배드민턴장4면",,,,,,인천광역시 부평구청,,172717.5201,545836.7276,인천광역시 부평구청,
293,,원적산체육공원,,야외운동기구,,부평구,인천광역시 부평구 산곡동 179-140,37.507682,126.693535,,"농구장1면,배드민턴장2면,족구장2면,테니스장3면,야외운동기구24점",,화장실,,정자,,인천광역시 부평구청,,172926.3023,545402.1568,인천광역시 부평구청,
294,,원적산체육공원,,야외운동기구,,부평구,인천광역시 부평구 산곡동 179-140,37.507682,126.693535,,"농구장1면,배드민턴장2면,족구장2면,테니스장3면,야외운동기구24점",,화장실,,정자,,인천광역시 부평구청,,172938.8515,545381.5785,인천광역시 부평구청,
295,,희망체육공원,,야외운동기구,인천광역시 부평구 경인로 842,부평구,인천광역시 부평구 부평동 768-320,37.4828074,126.715854,,"배드민턴장2면,족구장1면,농구장1면,조깅트랙240m,게이트볼장1면,야외운동기구17점",,"화장실,음수대",,정자,,인천광역시 부평구청,,174838.3414,542676.6103,인천광역시 부평구청,
296,28200-00097,구월공원,근린공원,게이트볼장,인천광역시 남동구 구월2동 1246,남동구,인천광역시 남동구 구월2동 1246,37.4571784,126.718678,205,"게이트볼장,농구장,운동장,축구장","조합놀이대,시소,그네",화장실,,,1966-08-31,인천광역시 남동구청,032-453-2850,175103.9404,539775.0886,인천광역시 남동구청,
297,28200-00097,구월공원,근린공원,농구장,인천광역시 남동구 구월2동 1246,남동구,인천광역시 남동구 구월2동 1246,37.4571784,126.718678,205,"게이트볼장,농구장,운동장,축구장","조합놀이대,시소,그네",화장실,,,1966-08-31,인천광역시 남동구청,032-453-2850,175128.9221,539867.1079,인천광역시 남동구청,
298,28200-00097,구월공원,근린공원,운동장,인천광역시 남동구 구월2동 1246,남동구,인천광역시 남동구 구월2동 1246,37.4571784,126.718678,205,"게이트볼장,농구장,운동장,축구장","조합놀이대,시소,그네",화장실,,,1966-08-31,인천광역시 남동구청,032-453-2850,175110.11,539870.8459,인천광역시 남동구청,
299,28200-00097,구월공원,근린공원,축구장,인천광역시 남동구 구월2동 1246,남동구,인천광역시 남동구 구월2동 1246,37.4571784,126.718678,205,"게이트볼장,농구장,운동장,축구장","조합놀이대,시소,그네",화장실,,,1966-08-31,인천광역시 남동구청,032-453-2850,175123.2788,539928.8691,인천광역시 남동구청,
300,28200-00102,만수천공원,어린이공원,배드민턴장,인천광역시 남동구 만수동 929,남동구,인천광역시 남동구 만수동 929,37.4505762,126.7267324,721,"배드민턴장,야외운동기구","조합놀이대,그네,시소,모래밭",음수전,,,1981-03-13,인천광역시 남동구청,032-453-2850,175814.8515,539073.4718,인천광역시 남동구청,"소운동장->배드민턴장 변경,야외운동기구 추가"
301,28200-00109,작은구월공원,어린이공원,배드민턴장,인천광역시 남동구 구월동 1281-8,남동구,인천광역시 남동구 구월동 1281-8,37.4495274,126.7211378,1571,"배드민턴장,야외운동기구","조합놀이대,그네,모래밭","음수전,화장실",,,1981-03-13,인천광역시 남동구청,032-453-2850,175307.3913,538941.1984,인천광역시 남동구청,"소운동장->배드민턴장 변경,야외운동기구 추가"
302,28200-00114,인수공원,어린이공원,소운동장,인천광역시 남동구 만수4동 69,남동구,인천광역시 남동구 만수4동 69,37.4532947,126.7378212,3231,소운동장,"미끄럼틀,그네,시소.정글짐",,,,1984-12-31,인천광역시 남동구청,032-453-2850,176805.1178,539374.6676,인천광역시 남동구청,
303,28200-00116,이화공원,어린이공원,배드민턴장,인천광역시 남동구 간석동 439,남동구,인천광역시 남동구 간석동 439,37.4627779,126.7032763,8511,"배드민턴장,다목적구장,농구장","조합놀이대,시소,그네","음수전,화장실",,,1984-12-31,인천광역시 남동구청,032-453-2850,173741.9671,540447.6235,인천광역시 남동구청,
304,28200-00116,이화공원,어린이공원,다목적구장,인천광역시 남동구 간석동 439,남동구,인천광역시 남동구 간석동 439,37.4627779,126.7032763,8511,"배드민턴장,다목적구장,농구장","조합놀이대,시소,그네","음수전,화장실",,,1984-12-31,인천광역시 남동구청,032-453-2850,173789.3694,540442.9785,인천광역시 남동구청,
305,28200-00118,둥지공원,어린이공원,소운동장,인천광역시 남동구 만수4동 28,남동구,인천광역시 남동구 만수4동 28,37.4583791,126.7349439,34712,소운동장,"미끄럼틀,그네,시소,그물망,정글짐",화장실,,,1984-12-31,인천광역시 남동구청,032-453-2850,176564.418,539936.4631,인천광역시 남동구청,
306,28200-00121,남동공단공원,근린공원,축구장,인천광역시 남동구 논현동 445,남동구,인천광역시 남동구 논현동 445,37.408236,126.6996921,708,"농구장,축구장,테니스장",조합놀이대,"자전거보관대,화장실",,,1985-02-06,인천광역시 남동구청,032-453-2850,173231.4048,534412.2373,인천광역시 남동구청,
307,28200-00121,남동공단공원,근린공원,테니스장,인천광역시 남동구 논현동 445,남동구,인천광역시 남동구 논현동 445,37.408236,126.6996921,708,"농구장,축구장,테니스장",조합놀이대,"자전거보관대,화장실",,,1985-02-06,인천광역시 남동구청,032-453-2850,173278.3773,534554.5154,인천광역시 남동구청,
308,28200-00122,승기공원,근린공원,테니스장,인천광역시 남동구 남촌동 605일원,남동구,인천광역시 남동구 남촌동 605일원,37.4232077,126.704707,178,"축구장,테니스장,농구장",조합놀이대,"화장실,음수장,자전거보관대",,,1985-02-06,인천광역시 남동구청,032-453-2850,173852.7058,536091.3464,인천광역시 남동구청,농구장 추가
309,28200-00124,유수지공원,근린공원,운동장,인천광역시 남동구 고잔동 697-1,남동구,인천광역시 남동구 고잔동 697-1,37.395369,126.6844425,1550,"운동장,야외운동기구",조합놀이대,,,,1985-02-06,인천광역시 남동구청,032-453-2850,172032.8409,532958.6529,인천광역시 남동구청,
310,28200-00124,유수지공원,근린공원,야외운동기구,인천광역시 남동구 고잔동 697-1,남동구,인천광역시 남동구 고잔동 697-1,37.395369,126.6844425,1550,"운동장,야외운동기구",조합놀이대,,,,1985-02-06,인천광역시 남동구청,032-453-2850,172057.8131,532928.7443,인천광역시 남동구청,
311,28200-00125,복지공원,근린공원,농구장,인천광역시 남동구 고잔동721-1,남동구,인천광역시 남동구 고잔동721-1,37.3937029,126.6966343,6446,농구장,조합놀이대,"음수전,화장실",,,1985-02-06,인천광역시 남동구청,032-453-2850,173180.9865,532731.3137,인천광역시 남동구청,
312,28200-00127,지상공원,어린이공원,야외운동기구,인천광역시 남동구 구월동 1341-9,남동구,인천광역시 남동구 구월동 1341-9,37.449064,126.6937667,5065,"농구장,야외운동기구","조합놀이대,미끄럼틀",화장실,,,1985-12-19,인천광역시 남동구청,032-453-2850,172893.4834,538908.7114,인천광역시 남동구청,야외운동기구 추가
313,28200-00128,반월공원,어린이공원,야외운동기구,인천광역시 남동구 구월동 1390,남동구,인천광역시 남동구 구월동 1390,37.4468461,126.6953557,1033,"농구장,야외운동기구","조합놀이대,시소,정글짐",화장실,,,1985-12-19,인천광역시 남동구청,032-453-2850,173029.7995,538661.7626,인천광역시 남동구청,야외운동기구 추가
314,28200-00130,구월문화공원,어린이공원,농구장,인천광역시 남동구 구월동 1350,남동구,인천광역시 남동구 구월동 1350,37.4487109,126.6980221,2100,농구장,"미끄럼틀,그네,모래밭","음수전,화장실",,,1985-12-19,인천광역시 남동구청,032-453-2850,173243.4712,538851.0154,인천광역시 남동구청,
315,28200-00131,새골공원,어린이공원,야외운동기구,인천광역시 남동구 만수동 1005-1,남동구,인천광역시 남동구 만수동 1005-1,37.4500723,126.7392327,1587,"농구장,야외운동기구","조합놀이대,시소,정글짐,나무오르기","음수전,화장실",,,1988-11-02,인천광역시 남동구청,032-453-2850,176934.8021,538954.2975,인천광역시 남동구청,야외운동기구 추가
316,28200-00133,골마루공원,근린공원,배드민턴장,인천광역시 남동구 만수6동 1049-1,남동구,인천광역시 남동구 만수6동 1049-1,37.4392326,126.7362562,1602,"배드민턴장,족구장,농구장,운동장,테니스장,풋살장","조합놀이대,시소",화장실,,,1989-06-10,인천광역시 남동구청,032-453-2850,176603.4487,537747.6593,인천광역시 남동구청,
317,28200-00133,골마루공원,근린공원,농구장,인천광역시 남동구 만수6동 1049-1,남동구,인천광역시 남동구 만수6동 1049-1,37.4392326,126.7362562,1602,"배드민턴장,족구장,농구장,운동장,테니스장,풋살장","조합놀이대,시소",화장실,,,1989-06-10,인천광역시 남동구청,032-453-2850,176577.9934,537786.2734,인천광역시 남동구청,
318,28200-00133,골마루공원,근린공원,운동장,인천광역시 남동구 만수6동 1049-1,남동구,인천광역시 남동구 만수6동 1049-1,37.4392326,126.7362562,1602,"배드민턴장,족구장,농구장,운동장,테니스장,풋살장","조합놀이대,시소",화장실,,,1989-06-10,인천광역시 남동구청,032-453-2850,176615.7356,537796.4786,인천광역시 남동구청,
319,28200-00133,골마루공원,근린공원,테니스장,인천광역시 남동구 만수6동 1049-1,남동구,인천광역시 남동구 만수6동 1049-1,37.4392326,126.7362562,1602,"배드민턴장,족구장,농구장,운동장,테니스장,풋살장","조합놀이대,시소",화장실,,,1989-06-10,인천광역시 남동구청,032-453-2850,176669.0331,537640.4265,인천광역시 남동구청,
320,28200-00133,골마루공원,근린공원,풋살장,인천광역시 남동구 만수6동 1049-1,남동구,인천광역시 남동구 만수6동 1049-1,37.4392326,126.7362562,1602,"배드민턴장,족구장,농구장,운동장,테니스장,풋살장","조합놀이대,시소",화장실,,,1989-06-10,인천광역시 남동구청,032-453-2850,176636.6042,537694.4756,인천광역시 남동구청,
321,28200-00135,창대공원,어린이공원,소운동장,인천광역시 남동구 만수동 1083-1,남동구,인천광역시 남동구 만수동 1083-1,37.4474843,126.7361705,1774,"소운동장,야외운동기구",조합놀이대,음수전,,,1990-04-30,인천광역시 남동구청,032-453-2850,176644.9772,538719.971,인천광역시 남동구청,야외운동기구 추가
322,28200-00139,장자공원,어린이공원,풋살장,인천광역시 남동구 장수동 766-2,남동구,인천광역시 남동구 장수동 766-2,37.4588216,126.7604671,45701,"농구장,풋살장","조합놀이대,시소",,,,1994-04-18,인천광역시 남동구청,032-453-2850,177943.5871,539192.1472,인천광역시 남동구청,풋살장 추가
323,28200-00148,새진매공원,어린이공원,배드민턴장,인천광역시 남동구 논현동 555,남동구,인천광역시 남동구 논현동 555,37.415805,126.7128889,1505,"배드민턴장,야외운동기구","조합놀이대,회전무대,시소",,,,1994-10-24,인천광역시 남동구청,032-453-2850,174593.5692,535198.8588,인천광역시 남동구청,야외운동기구 추가
324,28200-00152,주적공원,어린이공원,배드민턴장,인천광역시 남동구 도림동 637-2,남동구,인천광역시 남동구 도림동 637-2,37.4162485,126.7294816,246,배드민턴장,"조합놀이대,그물망,놀이시설",,,,1995-08-29,인천광역시 남동구청,032-453-2850,176068.7306,535251.3933,인천광역시 남동구청,
325,28200-00155,오봉공원,근린공원,배드민턴장,인천광역시 남동구 도림동 631,남동구,인천광역시 남동구 도림동 631,37.4176482,126.7305311,1826,"농구장,배드민턴장,야외운동기구",,화장실,,,1995-08-29,인천광역시 남동구청,032-453-2850,176164.0641,535321.9723,인천광역시 남동구청,야외운동기구 추가
326,28200-00156,서창공원,근린공원,배드민턴장,인천광역시 남동구 서창동 558-1일원,남동구,인천광역시 남동구 서창동 558-1일원,37.4365283,126.7468895,2064,"농구장,배드민턴장",,음수대,,,1995-08-29,인천광역시 남동구청,032-453-2850,177553.4511,537340.707,인천광역시 남동구청,배드민턴장 추가
327,28200-00003,푸른솔공원,어린이공원,배드민턴장,인천광역시 남동구 논현동 642-3,남동구,인천광역시 남동구 논현동 642-3,37.4033481,126.7012709,33253,배드민턴장(족구장겸용),,,,,2000-03-31,인천광역시 남동구청,032-453-2850,174414.1786,533422.7853,인천광역시 남동구청,
328,28200-00012,갯마을공원,어린이공원,배드민턴장,인천광역시 남동구 논현동 664-3,남동구,인천광역시 남동구 논현동 664-3,37.3975207,126.700739,1568,"배드민턴장,야외운동기구","놀이벽,조합놀이대,흔들놀이",,,,2000-03-31,인천광역시 남동구청,032-453-2850,176569.6491,533826.4138,인천광역시 남동구청,야외운동기구 추가
329,28200-00016,논현포대공원,근린공원,게이트볼장,"인천광역시 남동구 논현동 578-1,648-1,644-1",남동구,"인천광역시 남동구 논현동 578-1,648-1,644-1",37.4075188,126.7056111,1500,"게이트볼장,농구장,배드민턴장,테니스장,다목적운동장,X-게임장",조합놀이대,"화장실,음수전,관리사무소",야외음악당,,2000-03-31,인천광역시 남동구청,032-453-2850,174302.675,534419.4187,인천광역시 남동구청,"다목적운동장,X-게임장 추가"
330,28200-00016,논현포대공원,근린공원,농구장,"인천광역시 남동구 논현동 578-1,648-1,644-1",남동구,"인천광역시 남동구 논현동 578-1,648-1,644-1",37.4075188,126.7056111,1500,"게이트볼장,농구장,배드민턴장,테니스장,다목적운동장,X-게임장",조합놀이대,"화장실,음수전,관리사무소",야외음악당,,2000-03-31,인천광역시 남동구청,032-453-2850,174043.6081,533674.694,인천광역시 남동구청,"다목적운동장,X-게임장 추가"
331,28200-00016,논현포대공원,근린공원,배드민턴장,"인천광역시 남동구 논현동 578-1,648-1,644-1",남동구,"인천광역시 남동구 논현동 578-1,648-1,644-1",37.4075188,126.7056111,1500,"게이트볼장,농구장,배드민턴장,테니스장,다목적운동장,X-게임장",조합놀이대,"화장실,음수전,관리사무소",야외음악당,,2000-03-31,인천광역시 남동구청,032-453-2850,174324.5462,534456.1762,인천광역시 남동구청,"다목적운동장,X-게임장 추가"
332,28200-00016,논현포대공원,근린공원,테니스장,"인천광역시 남동구 논현동 578-1,648-1,644-1",남동구,"인천광역시 남동구 논현동 578-1,648-1,644-1",37.4075188,126.7056111,1500,"게이트볼장,농구장,배드민턴장,테니스장,다목적운동장,X-게임장",조합놀이대,"화장실,음수전,관리사무소",야외음악당,,2000-03-31,인천광역시 남동구청,032-453-2850,174243.0526,534258.0707,인천광역시 남동구청,"다목적운동장,X-게임장 추가"
333,28200-00017,논현중앙공원,근린공원,배드민턴장,"인천광역시 남동구 논현동 594-24, 605-13,611-7",남동구,"인천광역시 남동구 논현동 594-24, 605-13,611-7",37.4075188,126.7056111,479,배드민턴장,조합놀이대,"화장실,음수전",,,2000-03-31,인천광역시 남동구청,032-453-2850,175730.7909,533873.3433,인천광역시 남동구청,
334,28200-00021,도림산공원,어린이공원,야외운동기구,인천광역시 남동구 도림동 674-1,남동구,인천광역시 남동구 도림동 674-1,37.4184043,126.7259006,1280,"야외운동기구,배드민턴장",조합놀이대,,,,2000-06-30,인천광역시 남동구청,032-453-2850,175846.2103,535414.0946,인천광역시 남동구청,농구장->배드민턴장 변경
335,28200-00021,도림산공원,어린이공원,배드민턴장,인천광역시 남동구 도림동 674-1,남동구,인천광역시 남동구 도림동 674-1,37.4184043,126.7259006,1280,"야외운동기구,배드민턴장",조합놀이대,,,,2000-06-30,인천광역시 남동구청,032-453-2850,175837.9718,535420.4032,인천광역시 남동구청,농구장->배드민턴장 변경
336,28200-00036,돌골공원,어린이공원,배드민턴장,인천광역시 남동구 만수동822-31,남동구,인천광역시 남동구 만수동822-31,37.4619408,126.7363669,3718,"배드민턴장,야외운동기구",조합놀이대,,,,2002-03-19,인천광역시 남동구청,032-453-2850,176676.6735,540337.8436,인천광역시 남동구청,야외운동기구 추가
337,28200-00052,돌섬공원,어린이공원,배드민턴장,인천광역시 남동구 논현동 749-5,남동구,인천광역시 남동구 논현동 749-5,37.4075188,126.7056111,1500,배드민턴장,"조합놀이대,시소",,,,2006-08-07,인천광역시 남동구청,032-453-2850,175962.3738,533206.1648,인천광역시 남동구청,
338,28200-00055,늘솔길공원,근린공원,농구장,인천광역시 남동구 논현동 738-8 일원,남동구,인천광역시 남동구 논현동 738-8 일원,37.3905254,126.703404,10193,"골프연습장,농구장,테니스장,축구장",,화장실,,,2006-08-31,인천광역시 남동구청,032-453-2850,175209.3099,532052.9253,인천광역시 남동구청,
339,28200-00055,늘솔길공원,근린공원,테니스장,인천광역시 남동구 논현동 738-8 일원,남동구,인천광역시 남동구 논현동 738-8 일원,37.3905254,126.703404,10193,"골프연습장,농구장,테니스장,축구장",,화장실,,,2006-08-31,인천광역시 남동구청,032-453-2850,175224.6069,532015.3227,인천광역시 남동구청,
340,28200-00055,늘솔길공원,근린공원,축구장,인천광역시 남동구 논현동 738-8 일원,남동구,인천광역시 남동구 논현동 738-8 일원,37.3905254,126.703404,10193,"골프연습장,농구장,테니스장,축구장",,화장실,,,2006-08-31,인천광역시 남동구청,032-453-2850,175157.2434,531987.3801,인천광역시 남동구청,
341,28200-00056,한아름공원,근린공원,배드민턴장,인천광역시 남동구 논현동 756-5 일원,남동구,인천광역시 남동구 논현동 756-5 일원,37.4075188,126.7056111,11029,"배드민턴장,게이트볼장",조합놀이대,화장실,,,2006-08-31,인천광역시 남동구청,032-453-2850,176035.6274,532903.415,인천광역시 남동구청,
342,28200-00056,한아름공원,근린공원,게이트볼장,인천광역시 남동구 논현동 756-5 일원,남동구,인천광역시 남동구 논현동 756-5 일원,37.4075188,126.7056111,11029,"배드민턴장,게이트볼장",조합놀이대,화장실,,,2006-08-31,인천광역시 남동구청,032-453-2850,176031.1635,532921.6543,인천광역시 남동구청,
343,28200-00058,해오름공원,근린공원,야외운동기구,인천광역시 남동구 논현동 763-2 일원,남동구,인천광역시 남동구 논현동 763-2 일원,37.3878129,126.7117799,1502,"야외운동기구,산책로,자전거도로",,,,,2006-08-31,인천광역시 남동구청,032-453-2850,175435.1494,531720.4858,인천광역시 남동구청,
344,28200-00075,장아산공원,근린공원,풋살장,인천광역시 남동구 서창동 산29-42일원,남동구,인천광역시 남동구 서창동 산29-42일원,37.4296908,126.7523782,1430,"풋살장,야외운동기구",,"화장실,관리사무소",,,2010-09-20,인천광역시 남동구청,032-453-2850,178237.8315,536806.3275,인천광역시 남동구청,
345,28200-00076,어울공원,근린공원,야외운동기구,인천광역시 남동구 서창동 681,남동구,인천광역시 남동구 서창동 681,37.4281251,126.7465358,1241,"배드민턴장,온몸근육풀기,허리돌리기,파도타기","물놀이장,티핑버켓,워터터널,정글테마",화장실,,,2010-09-20,인천광역시 남동구청,032-453-2850,177404.9781,536643.243,인천광역시 남동구청,
346,28200-00077,물빛공원,근린공원,족구장,인천광역시 남동구 서창동 713,남동구,인천광역시 남동구 서창동 713,37.4460243,126.757127,1414,"족구장,농구장",어린이놀이터,화장실,,,2010-09-20,인천광역시 남동구청,032-453-2850,177648.7152,535800.6811,인천광역시 남동구청,
347,28200-00077,물빛공원,근린공원,농구장,인천광역시 남동구 서창동 713,남동구,인천광역시 남동구 서창동 713,37.4460243,126.757127,1414,"족구장,농구장",어린이놀이터,화장실,,,2010-09-20,인천광역시 남동구청,032-453-2850,177587.6944,535703.0874,인천광역시 남동구청,
348,28200-00082,주적체육공원,체육공원,야구장,인천광역시 남동구 남동구 도림동 413-1일원,남동구,인천광역시 남동구 남동구 도림동 413-1일원,37.4337408,126.7120825,1533,"야구장,배드민턴장,테니스장,농구장",,,,,2012-08-24,인천광역시 남동구청,032-453-2850,175597.2515,534919.5774,인천광역시 남동구청,"축구장->야구장 변경,농구장 추가"
349,28200-00082,주적체육공원,체육공원,배드민턴장,인천광역시 남동구 남동구 도림동 413-1일원,남동구,인천광역시 남동구 남동구 도림동 413-1일원,37.4337408,126.7120825,1533,"야구장,배드민턴장,테니스장,농구장",,,,,2012-08-24,인천광역시 남동구청,032-453-2850,175676.9288,535024.5425,인천광역시 남동구청,"축구장->야구장 변경,농구장 추가"
350,28200-00082,주적체육공원,체육공원,테니스장,인천광역시 남동구 남동구 도림동 413-1일원,남동구,인천광역시 남동구 남동구 도림동 413-1일원,37.4337408,126.7120825,1533,"야구장,배드민턴장,테니스장,농구장",,,,,2012-08-24,인천광역시 남동구청,032-453-2850,175630.6585,535015.3643,인천광역시 남동구청,"축구장->야구장 변경,농구장 추가"
351,28200-00083,전재울공원,근린공원,배드민턴장,인천광역시 남동구 구월1동 1501,남동구,인천광역시 남동구 구월1동 1501,37.452322,126.711693,1500,"배드민턴장,족구장",,화장실,온실,,2011-12-27,인천광역시 남동구청,032-453-2850,174500.6678,538453.06,인천광역시 남동구청,
352,28200-00083,전재울공원,근린공원,족구장,인천광역시 남동구 구월1동 1501,남동구,인천광역시 남동구 구월1동 1501,37.452322,126.711693,1500,"배드민턴장,족구장",,화장실,온실,,2011-12-27,인천광역시 남동구청,032-453-2850,174867.1705,538770.627,인천광역시 남동구청,
353,28110-00001,자유공원,근린공원,배드민턴장,인천광역시 중구 자유공원남로 25,중구,인천광역시 중구 송학동 1가 11-1,37.4745802,126.6221322,68112,"배드민턴장,게이트볼장",,"주차장,매점,화장실",,,1944-01-08,인천광역시 중구청,032-760-7584,166486.6635,541923.0878,인천광역시 중구청,
354,28110-00002,율목공원,어린이공원,농구장,인천광역시 중구 율목로45,중구,인천광역시 중구 율목동 244-1,37.4702643,126.6329925,9785,"농구장,인라인스케이트장","조합놀이대,그네,시소",화장실,,,1944-01-08,인천광역시 중구청,032-760-7584,167526.2533,541226.9696,인천광역시 중구청,
355,28110-00013,영마루공원,근린공원,풋살장,인천광역시 중구 영종대로 77(운서동),중구,인천광역시 중구 운서동 2709-1,37.4956123,126.4879083,60116,"풋살장,축구장,농구장,트랙,배드민턴장,게이트볼장","조합놀이대,그네,시소",화장실,"야외무대,도서관",공원관리사무실,1997-10-11,인천광역시 중구청,032-760-7778,154756.7936,544355.2684,인천광역시 중구청,
356,28110-00013,영마루공원,근린공원,축구장,인천광역시 중구 영종대로 77(운서동),중구,인천광역시 중구 운서동 2709-1,37.4956123,126.4879083,60116,"풋살장,축구장,농구장,트랙,배드민턴장,게이트볼장","조합놀이대,그네,시소",화장실,"야외무대,도서관",공원관리사무실,1997-10-11,인천광역시 중구청,032-760-7778,154754.4757,544293.3884,인천광역시 중구청,
357,28110-00037,파크골프공원,근린공원,골프장,,중구,인천광역시 중구 중산동 1878-2,37.4984485,126.5305415,16941,파크골프장,,,,,2006-12-05,인천광역시 중구청,032-760-7778,160585.717,543471.8341,인천광역시 중구청,
358,28110-00038,새부리공원,근린공원,배드민턴장,,중구,인천광역시 중구 운남동 1681-3 일원,37.4970748,126.5277468,14967,배드민턴장,"조합놀이대,그네,흔들놀이기구",,,,2011-01-05,인천광역시 중구청,032-760-7778,156947.2557,542354.7429,인천광역시 중구청,
359,28110-00040,하늘체육공원,체육공원,축구장,,중구,인천광역시 중구 중산동 1878-3 일원,37.4970917,126.5277468,60632,"축구장,풋살장,농구장,트랙,배드민턴장",,"주차장,화장실",,공원관리사무실,2007-11-06,인천광역시 중구청,032-760-7778,160804.036,543387.6592,인천광역시 중구청,
360,28110-00040,하늘체육공원,체육공원,풋살장,,중구,인천광역시 중구 중산동 1878-3 일원,37.4970917,126.5277468,60632,"축구장,풋살장,농구장,트랙,배드민턴장",,"주차장,화장실",,공원관리사무실,2007-11-06,인천광역시 중구청,032-760-7778,160897.2553,543352.6878,인천광역시 중구청,
361,28110-00040,하늘체육공원,체육공원,농구장,,중구,인천광역시 중구 중산동 1878-3 일원,37.4970917,126.5277468,60632,"축구장,풋살장,농구장,트랙,배드민턴장",,"주차장,화장실",,공원관리사무실,2007-11-06,인천광역시 중구청,032-760-7778,160875.7223,543370.439,인천광역시 중구청,
362,28110-00040,하늘체육공원,체육공원,배드민턴장,,중구,인천광역시 중구 중산동 1878-3 일원,37.4970917,126.5277468,60632,"축구장,풋살장,농구장,트랙,배드민턴장",,"주차장,화장실",,공원관리사무실,2007-11-06,인천광역시 중구청,032-760-7778,160728.3157,543317.2503,인천광역시 중구청,
363,28110-00074,1호,근린공원,풋살장,,중구,인천광역시 중구 운북동 2-1잡 일원,37.4970537,126.5338519,39204,"풋살장,인라인장(X-게임장),농구장",,,,,2006-10-31,인천광역시 중구청,032-760-7778,158783.1192,546462.8553,인천광역시 중구청,농구장 추가
364,28110-00074,1호,근린공원,인라인스케이트장,,중구,인천광역시 중구 운북동 2-1잡 일원,37.4970537,126.5338519,39204,"풋살장,인라인장(X-게임장),농구장",,,,,2006-10-31,인천광역시 중구청,032-760-7778,158945.3654,546612.2006,인천광역시 중구청,농구장 추가
365,28110-00075,2호,근린공원,농구장,,중구,인천광역시 중구 운북동 194-4과 일원,37.4970537,126.5338519,66408,"농구장,배드민턴장,야외운동기구","조합놀이대,흔들놀이기구",,,,2006-10-31,인천광역시 중구청,032-760-7778,158684.2526,546537.061,인천광역시 중구청,"풋살장->농구장 변경,야외운동기구 추가"
366,28110-00075,2호,근린공원,배드민턴장,,중구,인천광역시 중구 운북동 194-4과 일원,37.4970537,126.5338519,66408,"농구장,배드민턴장,야외운동기구","조합놀이대,흔들놀이기구",,,,2006-10-31,인천광역시 중구청,032-760-7778,158676.2514,546563.4595,인천광역시 중구청,"풋살장->농구장 변경,야외운동기구 추가"
367,28110-00081,8호,근린공원,농구장,,중구,인천광역시 중구 운북동 산90-4임 일원,37.4970537,126.5338519,65176,"농구장,배드민턴장",,,,공원관리사무실,2006-10-31,인천광역시 중구청,032-760-7778,157166.6648,547935.0531,인천광역시 중구청,풋살장->농구장 변경
368,28110-00081,8호,근린공원,배드민턴장,,중구,인천광역시 중구 운북동 산90-4임 일원,37.4970537,126.5338519,65176,"농구장,배드민턴장",,,,공원관리사무실,2006-10-31,인천광역시 중구청,032-760-7778,157179.1873,547919.5038,인천광역시 중구청,풋살장->농구장 변경
369,28200-00102,만수천공원,어린이공원,야외운동기구,인천광역시 남동구 만수동 929,남동구,인천광역시 남동구 만수동 929,37.4505762,126.7267324,721,"배드민턴장,야외운동기구","조합놀이대,그네,시소,모래밭",음수전,,,1981-03-13,인천광역시 남동구청,032-453-2850,175808.2584,539078.9421,인천광역시 남동구청,"소운동장->배드민턴장 변경,야외운동기구 추가"
370,28200-00109,작은구월공원,어린이공원,야외운동기구,인천광역시 남동구 구월동 1281-8,남동구,인천광역시 남동구 구월동 1281-8,37.4495274,126.7211378,1571,"배드민턴장,야외운동기구","조합놀이대,그네,모래밭","음수전,화장실",,,1981-03-13,인천광역시 남동구청,032-453-2850,175313.8526,538940.5975,인천광역시 남동구청,"소운동장->배드민턴장 변경,야외운동기구 추가"
371,28200-00122,승기공원,근린공원,농구장,인천광역시 남동구 남촌동 605일원,남동구,인천광역시 남동구 남촌동 605일원,37.4232077,126.704707,178,"축구장,테니스장,농구장",조합놀이대,"화장실,음수장,자전거보관대",,,1985-02-06,인천광역시 남동구청,032-453-2850,173907.2812,536031.7521,인천광역시 남동구청,농구장 추가
372,28200-00133,골마루공원,근린공원,운동장,인천광역시 남동구 만수6동 1049-1,남동구,인천광역시 남동구 만수6동 1049-1,37.4392326,126.7362562,1602,"배드민턴장,족구장,농구장,운동장,테니스장,풋살장","조합놀이대,시소",화장실,,,1989-06-10,인천광역시 남동구청,032-453-2850,176663.3742,537737.3369,인천광역시 남동구청,
373,28200-00135,창대공원,어린이공원,야외운동기구,인천광역시 남동구 만수동 1083-1,남동구,인천광역시 남동구 만수동 1083-1,37.4474843,126.7361705,1774,"소운동장,야외운동기구",조합놀이대,음수전,,,1990-04-30,인천광역시 남동구청,032-453-2850,176651.0252,538717.4622,인천광역시 남동구청,야외운동기구 추가
374,28200-00148,새진매공원,어린이공원,야외운동기구,인천광역시 남동구 논현동 555,남동구,인천광역시 남동구 논현동 555,37.415805,126.7128889,1505,"배드민턴장,야외운동기구","조합놀이대,회전무대,시소",,,,1994-10-24,인천광역시 남동구청,032-453-2850,174571.1467,535204.6159,인천광역시 남동구청,야외운동기구 추가
375,28200-00155,오봉공원,근린공원,야외운동기구,인천광역시 남동구 도림동 631,남동구,인천광역시 남동구 도림동 631,37.4176482,126.7305311,1826,"농구장,배드민턴장,야외운동기구",-,화장실,,,1995-08-29,인천광역시 남동구청,032-453-2850,176161.3226,535429.6561,인천광역시 남동구청,야외운동기구 추가
376,28200-00012,갯마을공원,어린이공원,야외운동기구,인천광역시 남동구 논현동 664-3,남동구,인천광역시 남동구 논현동 664-3,37.3975207,126.700739,1568,"배드민턴장,야외운동기구","놀이벽,조합놀이대,흔들놀이",,,,2000-03-31,인천광역시 남동구청,032-453-2850,176571.1,533812.3405,인천광역시 남동구청,야외운동기구 추가
377,28200-00016,논현포대공원,근린공원,다목적운동장,"인천광역시 남동구 논현동 578-1,648-1,644-1",남동구,"인천광역시 남동구 논현동 578-1,648-1,644-1",37.4075188,126.7056111,1500,"게이트볼장,농구장,배드민턴장,테니스장,다목적운동장,X-게임장",조합놀이대,"화장실,음수전,관리사무소",야외음악당,,2000-03-31,인천광역시 남동구청,032-453-2850,174209.1295,534213.3689,인천광역시 남동구청,"다목적운동장,X-게임장 추가"
378,28200-00016,논현포대공원,근린공원,X-게임장,"인천광역시 남동구 논현동 578-1,648-1,644-1",남동구,"인천광역시 남동구 논현동 578-1,648-1,644-1",37.4075188,126.7056111,1500,"게이트볼장,농구장,배드민턴장,테니스장,다목적운동장,X-게임장",조합놀이대,"화장실,음수전,관리사무소",야외음악당,,2000-03-31,인천광역시 남동구청,032-453-2850,174071.0544,533736.6318,인천광역시 남동구청,"다목적운동장,X-게임장 추가"
379,28200-00036,돌골공원,어린이공원,야외운동기구,인천광역시 남동구 만수동822-31,남동구,인천광역시 남동구 만수동822-31,37.4619408,126.7363669,3718,"배드민턴장,야외운동기구",조합놀이대,,,,2002-03-19,인천광역시 남동구청,032-453-2850,176684.8599,540316.448,인천광역시 남동구청,야외운동기구 추가
380,28200-00082,주적체육공원,체육공원,농구장,인천광역시 남동구 남동구 도림동 413-1일원,남동구,인천광역시 남동구 남동구 도림동 413-1일원,37.4337408,126.7120825,1533,"야구장,배드민턴장,테니스장,농구장",,,,,2012-08-24,인천광역시 남동구청,032-453-2850,175666.477,534999.0117,인천광역시 남동구청,"축구장->야구장 변경,농구장 추가"
381,28110-00001,자유공원,근린공원,배드민턴장,인천광역시 중구 자유공원남로 25,중구,인천광역시 중구 송학동 1가 11-1,37.4745802,126.6221322,68112,"배드민턴장,게이트볼장",,"주차장,매점,화장실",,,1944-01-08,인천광역시 중구청,032-760-7584,166509.2601,541941.4782,인천광역시 중구청,
382,28110-00040,하늘체육공원,체육공원,배드민턴장,,중구,인천광역시 중구 중산동 1878-3 일원,37.4970917,126.5277468,60632,"축구장,풋살장,농구장,트랙,배드민턴장",,"주차장,화장실",,공원관리사무실,2007-11-06,인천광역시 중구청,032-760-7778,160755.0351,543294.7624,인천광역시 중구청,
383,28110-00040,하늘체육공원,체육공원,트랙,,중구,인천광역시 중구 중산동 1878-3 일원,37.4970917,126.5277468,60632,"축구장,풋살장,농구장,트랙,배드민턴장",,"주차장,화장실",,공원관리사무실,2007-11-06,인천광역시 중구청,032-760-7778,160771.4694,543414.7479,인천광역시 중구청,
384,28110-00074,1호,근린공원,농구장,,중구,인천광역시 중구 운북동 2-1잡 일원,37.4970537,126.5338519,39204,"풋살장,인라인장(X-게임장),농구장",,,,,2006-10-31,인천광역시 중구청,032-760-7778,158805.2599,546480.1769,인천광역시 중구청,농구장 추가
385,28110-00075,2호,근린공원,야외운동기구,,중구,인천광역시 중구 운북동 194-4과 일원,37.4970537,126.5338519,66408,"농구장,배드민턴장,야외운동기구","조합놀이대,흔들놀이기구",,,,2006-10-31,인천광역시 중구청,032-760-7778,158661.6703,546528.1273,인천광역시 중구청,"풋살장->농구장 변경,야외운동기구 추가"
386,28110-00081,8호,근린공원,농구장,,중구,인천광역시 중구 운북동 산90-4임 일원,37.4970537,126.5338519,65176,"농구장,배드민턴장",,,,공원관리사무실,2006-10-31,인천광역시 중구청,032-760-7778,157052.5214,547898.1857,인천광역시 중구청,풋살장->농구장 변경
