검진기관명	전화번호	주소	위암	간암	대장암	유방암	자궁경부암	폐암	구강검진
김명주산부인과의원	522-3313	인천광역시 부평구 부평대로 9 (부평동)					O		
부평내과의원	522-7563	인천광역시 부평구 부평대로 9 (부평동)	O	O	O	O			
삼성미즈산부인과의원	516-3838	"인천광역시 부평구 부평대로 93 2,3층 (부평동)"					O		
서울드림내과의원	719-7123	"인천광역시 부평구 부흥로 264 (부평동, 동아웰빙타운)"	O	O	O				
서울든든내과의원	710-8778	인천광역시 부평구 부평대로 83 강남타워 6층 (부평동)	O	O	O	O	O		
선이산부인과의원	5057-6323	"인천광역시 부평구 광장로 16 6층 (부평동, 부평역사쇼핑몰)"					O		
성모산부인과의원	502-1001	인천광역시 부평구 부평대로 47 (부평동)					O		
연세내과의원	515-3009	인천광역시 부평구 부흥로 245 (부평동)	O	O	O	O	O		
연세베스트항외과의원	521-5211	"인천광역시 부평구 부평대로 9 505호 (부평동, 문화드림빌)"			O				
인천성모내과의원	1855-1875	인천광역시 부평구 부평문화로 55							
찬누리한방병원	511-1001	인천광역시 부평구 원적로 469 성훈빌딩 1층 찬누리한방병원							
전형식내과의원	504-7575	"인천광역시 부평구 부평문화로 38 202호 (부평동, 부평동대학빌딩)"	O	O	O				
성모하와유외과의원	262-7475	인천광역시 부평구 부평문화로 55 11층				O			
제일외과의원	519-2314	인천광역시 부평구 부평대로 11 3층 일부호 (부평동)	O		O				
참조은내과의원	525-7582	"인천광역시 부평구 경인로 883 2층 (부평동, 재현빌딩)"	O	O					
호내과의원	526-1728	인천광역시 부평구 경원대로 1270 2층 201호 (부평동)	O	O	O	O	O		
부평연세내과의원	529-1256	인천광역시 부평구 경원대로 1266 2층 (부평동)	O	O					
나은내과의원	529-7588	"인천광역시 부평구 길주남로10번길 21 202, 203, 204(일부), 205, 206호 (부평동, 래미안부평)"	O	O	O				
부평구보건소	509-8200	인천광역시 부평구 부흥로 291							
부평프라임메디컬의원	556-0575	"인천광역시 부평구 대정로 28 2~5, 7층 각호 (부평동) "	O	O	O	O	O		
로로와내과의원	521-2022	"인천광역시 부평구 부평문화로 87 401~404, 501~508호 (부평동)"	O	O	O	O	O		
자애내과의원	529-1002	인천광역시 부평구 부평대로 90 여산빌딩 A동 602호 (부평동)	O	O	O				
노내과의원	523-5244	인천광역시 부평구 부평문화로 100-1 (부평동)	O	O	O				
박상현내과의원	507-0225	"인천광역시 부평구 부흥로365번길 3 301호 (부평동, 유니온프라자)"	O	O	O	O	O		
성모내과의원	526-7200	"인천광역시 부평구 부평대로 24 203호 (부평동, 가나베스트텔)"	O	O					
애플산부인과의원	330-8870	"인천광역시 부평구 부평대로 6 8층 (부평동, 대신스카이프라자)"					O		
안정경내과의원	514-9086	"인천광역시 부평구 부평대로 24 4,5층 (부평동)"	O	O	O				
인천어바웃유외과의원	362-1717	"인천광역시 부평구 경원대로 1415 304호 (부평동, 파라움)"				O			
부평하루여성외과의원	511-6875	"인천광역시 부평구 광장로 4 6층 (부평동, 코아빌딩)"				O			
필산부인과의원	528-0878	인천광역시 부평구 부평대로 24 (부평동)					O		
부평힘찬병원	363-9214	인천광역시 부평구 장제로 78 (부평동)	O	O	O	O	O		
부평탑내과의원	508-7588	인천광역시 부평구 시장로 48 2층 203호	O	O	O	O	O		
서울봄산부인과의원	721-6624	인천광역시 부평구 경원대로 1397 4층					O		
나누리병원	280-1102	인천광역시 부평구 장제로 156 (부평동)	O	O	O	O	O		
인천성모병원	280-6114	인천광역시 부평구 동수로 56 (부평동) 	O	O	O	O	O	O	
동수녹십자의원	525-7531	"인천광역시 부평구 장제로 27 201호 (부평동, 해마루)"	O	O	O	O	O		
부평봄내과의원	514-8275	"인천광역시 부평구 경인로 947 402호, 403호 (부평동)"	O	O	O	O	O		
부평열린내과의원	501-0036	"인천광역시 부평구 동수북로158번길 3 201,301호 (부평동, 원명빌딩)"	O	O	O	O	O		
부평바른내과의원	299-7575	"인천광역시 부평구 길주로364번길 9 2층 217~221호 (산곡동, 부평 IPARK)"	O	O	O	O	O		
88하내과의원	226-8888	"인천광역시 부평구 마장로 320 한화프라자 4층 406, 407호"	O	O	O				
부평정진의원	506-5010	"인천광역시 부평구 마장로 383 정진빌딩 2, 3층 (산곡동) "	O	O	O				
이수금내과의원	268-7575	"인천광역시 부평구 원적로 290 3층 (산곡동, 산곡메디칼센타)"	O	O					
부평사랑내과의원	526-0075	"인천광역시 부평구 마장로 338 1, 4층 일부호 (산곡동)"	O	O	O	O	O		
새봄여성병원	521-7200	인천광역시 부평구 마장로 316 (산곡동)				O	O		
정속편안내과의원	519-7887	인천광역시 부평구 마장로 310 롯데프라자 2층 201호 (산곡동)	O	O	O	O	O		
다인이비인후과병원	515-2388	"인천광역시 부평구 경원대로 1242 지하1(일부)층, 1(일부)층, 3층, 4(일부)층, 5층, 6층, 7(일부)층 우암빌딩 (산곡동)"	O	O	O				
양선이산부인과의원	514-3575	"인천광역시 부평구 경원대로 1248 3층 (산곡동, 정문빌딩)"					O		
김방수내과의원	528-7303	"인천광역시 부평구 부영로 165 109호, 213호 (산곡동, 우성아파트)"	O	O					
장이편한내과의원	523-7582	인천광역시 부평구 산청로 97 부평그랑힐스 상가 4동 2층	O	O	O	O	O		
부평세림병원	509-4850	인천광역시 부평구 부평대로 175 (청천동) 	O	O	O	O	O	O	
성모누리의원	525-7773	인천광역시 부평구 세월천로 35 3층							
우리내과의원	505-1608	"인천광역시 부평구 부평대로167번길 42 206호 (청천동, 동아타운)"	O	O	O				
장내과의원	519-4373	인천광역시 부평구 세월천로 46 (청천동)	O	O	O				
하이큐영상의원	363-3292	인천광역시 부평구 부평대로 301 (청천동)	O	O	O	O	O		
전성희내과의원	515-7533	"인천광역시 부평구 주부토로 231 303호 (갈산동, 갈산홈프라자)"	O	O					
파티마산부인과의원	511-7600	인천광역시 부평구 평천로 337 (갈산동)					O		
행복플러스의원	511-5475	"인천광역시 부평구 주부토로 261 201,202호 (갈산동, 신협빌딩)"	O	O					
갈산중앙의원	513-9303	인천광역시 부평구 굴포로 42 (갈산동)	O						
미래한솔내과의원	503-5988	"인천광역시 부평구 영성서로 37 301호 (삼산동,삼산메디칼센터)"	O	O					
중앙성모의원	511-4792	"인천광역시 부평구 후정동로 12 (삼산동, 인천삼산벽산블루밍 상가동)"	O	O	O		O		
리더스영상의학과의원	546-4161	"인천광역시 부평구 체육관로 30 삼산동 이리옴프라자 5층 501, 503, 504, 505호 (삼산동)"	O	O	O	O	O		
서울퍼스트내과의원	511-7588	"인천광역시 부평구 길주로 635 엘림타워 2층 201,202호 (삼산동)"	O	O	O	O	O		
수앤미산부인과의원	513-0147	인천광역시 부평구 체육관로 34 (삼산동)					O		
우리들내과의원	506-8808	"인천광역시 부평구 체육관로 14 301호, 302호, 303호, 304호, 복합시설 (삼산동)"	O	O	O	O	O		
삼성베스트내과의원	710-3964	인천광역시 부평구 길주로 643 4층	O	O	O	O	O		
탁월한내과의원	710-8575	"인천광역시 부평구 체육관로 40 신영프라자 701호, 702호, 703호 (삼산동)"	O	O	O	O	O		
박가정의학과의원	514-4867	"인천광역시 부평구 동수로 168-1 2,3층 (부개동)"	O	O	O	O	O		
에덴여성의원	519-8582	인천광역시 부평구 경인로 1078 (부개동)					O		
평화의원	524-6911	인천광역시 부평구 경인로1104번길 10 (부개동)	O	O	O	O	O		
박현수정형외과의원	507-6222	인천광역시 부평구 수변로 8 파워프라자							
푸른가정의학과의원	361-7600	인천광역시 부평구 부일로 87 송선빌딩 2층							
정드림메디컬의원	528-3114	"인천광역시 부평구 부흥로 412 2, 3층 (부개동)"	O	O		O	O		
삼성가정의학과의원	527-7300	"인천광역시 부평구 길주남로 124 2층 3층 (부개동, 동성빌딩)"							
소망내과의원	330-9999	"인천광역시 부평구 충선로 174 201호 (부개동, 상록빌딩)"	O	O					
부개성누가의원	361-7772	인천광역시 부평구 길주남로 158 3층							
소문난내과의원	362-7572	인천광역시 부평구 부개로 73 2층 (부개동)	O	O	O	O	O		
근로복지공단인천병원	500-0272	인천광역시 부평구 무네미로 446 (구산동) 	O	O	O	O	O	O	
이기섭내과의원	435-7070	인천광역시 부평구 열우물로87번길 16 2층 (십정동)	O	O					
동암우리내과의원	421-5775	인천광역시 부평구 열우물로 54 4층 (십정동)	O						
마루내과의원	435-5600	"인천광역시 부평구 동암남로 4 301호 (십정동, 리치프라자)"	O	O	O	O	O		
서울아산내과의원	429-8272	인천광역시 부평구 동암광장로 14 201호	O	O	O	O	O		
삼성장편한내과의원	433-7588	"인천광역시 부평구 열우물로 90 상가F동 403,404,405,406호 (십정동, 더샵부평센트럴시티)"	O	O	O	O	O		
연세미여성의원	431-7582	"인천광역시 부평구 아트센터로 38 센타빌딩 6층 601호, 602호 (십정동)"					O		
이화산부인과의원	428-3338	인천광역시 부평구 열우물로 45 (십정동)					O		
김윤태치과의원	032-761-4848	인천광역시 동구 화도진로 35 (송현동)							O
남치과의원	032-575-7747	"인천광역시 동구 봉수대로 98 A/302-1호 (송림동, 송림동공구상가)"							O
동인천치과의원	032-761-5942	인천광역시 동구 송화로 3 (화평동)							O
미드림치과의원	032-762-2879	인천광역시 동구 송현로 4 2층 (송현동)							O
백치과의원	032-777-9171	인천광역시 동구 샛골로210번길 9 황금플라자 4층 401~2호 (송림동)							O
비에스치과의원	032-772-2870	"인천광역시 동구 샛골로 212 2,3층 (송림동)"							O
뿌리앤치과의원	032-710-2872	인천광역시 동구 송림로110번길 5-9 3층 (송림동)							O
서울수치과의원	032-773-2872	"인천광역시 동구 송림로 96 401호 (송림동, 송림메디칼빌딩)"							O
세림치과의원	032-766-9697	인천광역시 동구 송림로 102-1 3층 (송림동)							O
세정굿모닝치과의원	032-773-2275	인천광역시 동구 수문통로 54-1 (송현동)							O
솔빛치과의원	032-777-7528	"인천광역시 동구 송현로 38 201호 (송현동, 송현프라자)"							O
송림푸른하늘치과의원	032-773-7528	인천광역시 동구 송미로 7 2층 (송림동)							O
양치과의원	032-766-7528	인천광역시 동구 송림로 108 2층 (송림동)							O
젠치과의원	032-773-1269	인천광역시 동구 송현로 9 (송현동)							O
중앙치과의원	032-773-9148	인천광역시 동구 샛골로 169 (송림동)							O
최재혁치과의원	032-772-2804	"인천광역시 동구 샛골로 120 (송림동, 천광빌딩)"							O
친절한홍치과의원	032-777-7522	인천광역시 동구 송현로 1 송현프라자 2층 (송현동)							O
한울치과의원	032-762-1422	"인천광역시 동구 화수로 38 301호 (송현동, 동부프라자)"							O
현대치과의원	032-773-8333	인천광역시 동구 송림로 100 3층 (송림동)							O
화수치과의원	032-777-2275	"인천광역시 동구 운교로 15 (화수동, 중구농협)"							O
연세스마일치과의원	032-762-2875	"인천광역시 동구 화도진로 16 211~212호 (송림동, 동인천역 파크푸르지오)"							O
이흥우치과의원	032-766-0005	인천광역시 동구 동산로 84-1 이흥우치과의원 (송림동)							O
인천광역시의료원	032-580-6020	인천광역시 동구 방축로 217	O	O	O	O	O	O	O
연세성모의원	032-772-0266	인천광역시 동구 화도진로 183 2층 (만석동)	O	O					
연세제일의원	032-765-6557	"인천광역시 동구 송림로 10 (금곡동, 연세제일의원)"	O	O	O	O	O		
의료법인 성수의료재단 인천백병원	032-777-7050	인천광역시 동구 샛골로 214 (송림동)	O	O	O	O	O	O	
굿모닝내과의원	032-762-0971	"인천광역시 동구 송림로 76 1층, 3층 (송림동)"	O	O	O	O	O		
권의원	032-763-1110	인천광역시 동구 샛골로 142 (송림동)	O	O	O				
동인천내과의원	032-765-5676	"인천광역시 동구 송현로 1 104호 (송현동, 송현프라자)"	O	O	O	O	O		
박영훈내과의원	032-762-0071	인천광역시 동구 송림로 113 3층 (송림동)							
우리내과의원	032-777-3601	"인천광역시 동구 송림로 91 3,4층 (송림동, 동우빌딩)"	O	O	O				
예나산부인과의원	032-765-0050	"인천광역시 동구 송림로 96 601호 (송림동, 송림메디칼빌딩)"					O		
황호연산부인과의원	032-761-3222	인천광역시 동구 샛골로 188 (송림동)					O		
현대의원	032-764-9090	"인천광역시 동구 송림로 80 2층 (송림동, 송림센트럴타워)"							
정내과의원	032-567-8275	"인천광역시 서구 검단로 836 215호 (불로동, 월드메가마트)"	O	O	O				
임내과의원	032-571-0668	인천광역시 서구 가정로 202 (석남동)	O	O	O				
제일가정의원	032-579-2095	"인천광역시 서구 원적로96번길 26 2층 (가좌동, 프라자쇼핑)"							
원당연세메디칼의원	032-566-5060	인천광역시 서구 원당대로 841 (원당동)							
연세산부인과의원	032-566-0001	"인천광역시 서구 원적로 100 604호 (가좌동, 로얄프라자)"					O		
이해림산부인과의원	032-564-1800	"인천광역시 서구 서곶로 355-1 4층 (연희동, 성우빌딩) "					O		
세계로치과의원	032-562-1700	인천 서구 검암동 596-1 5층							O
이편한치과의원	032-571-7528	인천광역시 서구 신석로 79 2층 (석남동)							O
플러스치과의원	032-584-2875	"인천광역시 서구 가정로 363 2층 (신현동, 그린빌딩)"							O
위편한내과의원	032-565-7881	"인천광역시 서구 원당대로 866 301호 (당하동, 세브란스빌딩)"	O	O	O				
검암웰치과의원	032-566-2804	인천 서구 검암동  508-1							O
굿모닝치과의원	032-584-4393	인천광역시 서구 거북로 89 (석남동)							O
하나여성산부인과의원	032-563-8422	"인천광역시 서구 서곶로 293,3층 (심곡동)"					O		
연세열린내과의원	032-579-6090	인천광역시 서구 가정로 201-1 (석남동)	O	O	O	O	O		
연희수치과의원	032-421-2828	인천광역시 서구 간촌로 4 (연희동)							O
세이프치과의원	032-571-2080	"인천광역시 서구 원적로100번길 24, 2층 (가좌2동)"							O
신석치과의원	032-572-6000	"인천광역시 서구 가정로 317 에이동 302호 (석남동, 두성상가)"							O
이안치과의원	032-569-2825	인천광역시 서구 완정로 60 (마전동)							O
안용진내과의원	032-562-1430	"인천광역시 서구 완정로 187 2,5,6층 (왕길동)"	O	O	O	O			
미래치과의원	032-564-2833	"인천광역시 서구 검단로 836 219호 (불로동,월드메가마트)"							O
강남치과의원	032-584-7528	"인천광역시 서구 가정로 308, (석남동)"							O
참고은치과의원	032-578-7522	인천광역시 서구 가정로 127 (가좌동)							O
예은치과의원	032-575-5294	인천 서구 가정2동 504-7 서인천상가 201호							O
석남치과의원	032-575-5995	인천광역시 서구 가정로 201-1 (석남동)							O
검암연세치과의원	032-564-0275	인천광역시 서구 승학로 498 (검암동)							O
르네상스치과의원	032-576-7528	인천 서구 가좌3동 122-2번지							O
이튼치과의원	032-564-2242	인천광역시 서구 원당대로 865 대산프라자 304호 (원당동)							O
유아이씨세정치과의원	032-569-2828	인천광역시 서구 원당대로 866 (당하동)							O
노블치과의원	032-569-2804	"인천광역시 서구 완정로 35 201호 (마전동, 대운프라자)"							O
불로치과의원	032-567-8975	인천 서구 불로동 375번지 1호 (5층)							O
온누리병원	032-567-6200	인천 서구 왕길동 635-1	O	O	O	O	O		
이앤미치과의원	032-564-2811	인천광역시 서구 서곶로 818 (당하동)							O
이정우치과의원	032-562-2875	인천광역시 서구 완정로 187 5층 (왕길동)							O
예스치과의원	032-565-2204	인천 서구 마전동 검당2지구 24블럭 18롯트							O
서울현대치과의원	032-563-7528	인천광역시 서구 완정로 179 (왕길동)							O
모아치과의원	032-572-2800	인천 서구 가좌1동 118번지							O
한솔치과의원	032-577-2875	인천광역시 서구 원적로96번길 26 (가좌동)							O
수서울치과의원	032-561-2872	"인천광역시 서구 승학로 567, (검암동)"							O
현치과의원	032-568-2875	인천 서구 심곡동  246번지							O
미추홀치과의원	032-882-2875	"인천광역시 서구 검단로 500 701호 (마전동, 플러스빌딩)"							O
정순민치과의원	032-575-9701	"인천광역시 서구 가정로 364-1 2층 (가정동, 창대빌딩)"							O
인치과의원	032-582-2875	인천광역시 서구 율도로 32-32 (석남동)							O
이사랑부부치과의원	032-567-7528	인천 서구 불로동312-2 신명상가 2층							O
부치과의원	032-565-2568	인천광역시 서구 검단로609번길 15 (마전동)							O
보스톤클래식치과의원	032-561-2875	인천 서구 마전동 698-4번지							O
검단탑치과의원	032-565-2875	"인천광역시 서구 청마로19번길 5,(당하동)"							O
박윤현치과의원	032-863-0088	인천 서구 가좌동 122							O
오승훈치과의원	032-564-3948	인천광역시 서구 가정로 388 (가정동)							O
미소담치과의원	032-567-2275	인천광역시 서구 승학로 587 (검암동)							O
연세플러스치과의원	032-573-2275	인천광역시 서구 건지로 402 (가좌동)							O
속편안내과의원	032-561-6060	"인천광역시 서구 완정로 70 2층 (마전동, 영남탑스빌 웰빙타운)"	O	O	O				
아이비치과의원	032-562-2879	인천광역시 서구 경서로69번길 12 (경서동)							O
연세림치과의원	032-564-2875	인천 서구 심곡동 247번지 3호							O
연세조아치과의원	032-567-9975	"인천광역시 서구 완정로 36 2,3층 일부호 (마전동, 한성빌딩)"							O
이플러스치과의원	032-565-7528	인천광역시 서구 이음5로 30 연세프라자9 301~303호 (원당동) 							O
고영승이비인후과의원	032-568-7585	"인천광역시 서구 완정로 179 4층 (왕길동, 검단메디컬프라자)"							
사과치과의원	032-576-2804	"인천광역시 서구 장고개로337번길 16 401동 303~305호 (가좌동, 한신휴플러스단지내상가)"							O
예미담치과의원	032-667-2828	"인천광역시 서구 청라라임로 71 진영메디피아 403,404,406호 (청라동)"							O
임내과의원	032-571-0668	"인천광역시 서구 가정로 202,(석남동)"	O	O	O				
오세건치과의원	032-577-1838	인천 서구 신현동  283-2							O
안앤정치과의원	032-568-2275	"인천광역시 서구 청라라임로 51 201~203호 (연희동, 청라에일린의뜰)"							O
새하늘치과의원	032-584-2022	인천광역시 서구 서달로 151 (석남동)							O
서인천연합치과의원	032-576-5340	"인천광역시 서구 서달로149번길 12-11,(석남동)"							O
세계로치과의원	032-562-1700	인천광역시 서구 서곶로 543 5층 (검암동)							O
미소담은치과의원	032-578-7528	인천광역시 서구 원적로 96 (가좌동)							O
드림라인치과교정과치과의원	032-567-2885	"인천광역시 서구 원당대로 660 501호 (당하동, 영프라자)"							O
신현굿모닝치과의원	032-578-2842	"인천광역시 서구 석곶로 7-2, 2층 (가정동)"							O
금산부인과의원	032-569-0880	인천광역시 서구 승학로 528 (검암동)					O		
이사랑부부치과의원	032-567-7528	인천광역시 서구 검단로 834 (불로동)							O
행복드림치과의원	032-567-7082	인천광역시 서구 청라에메랄드로102번길 8 (연희동)							O
연세가정의학과의원	032-563-5575	"인천광역시 서구 단봉로 107 3층 301호 (왕길동, 성우프라자)"							
송앤정치과의원	032-564-2754	"인천광역시 서구 단봉로 107,302호 (왕길동, 성우프라자)"							O
인천수내과의원	032-584-5599	인천광역시 서구 가정로394번길 1 (가정동)	O	O					
청라탑치과의원	032-567-2804	"인천광역시 서구 중봉대로586번길 22 B동 203,204호 (연희동, 청라엑슬루타워상가)"							O
인천연세병원	032-561-3457	인천광역시 서구 승학로 320 (연희동)	O	O	O	O			
하이큐연희내과의원	032-568-2220	"인천광역시 서구 서곶로 355-1 2,3,5층 (연희동)"	O	O	O	O	O		
하이큐홍내과의원	032-582-5430	"인천광역시 서구 원적로 100 4층 (가좌동, 가좌로얄프라자)"	O	O	O	O	O		
연세항외과의원	032-568-2259	"인천광역시 서구 검단로 474 뷰비스타운 501~502호, 505~506호 (왕길동)"	O		O				
양영표내과의원	032-576-9164	"인천광역시 서구 가정로 364-1 3층 (가정동, 창대빌딩)"	O	O					
손태용내과의원	032-572-0046	"인천광역시 서구 건지로 264 303,304호 (가좌동)"		O					
삼성의원	032-575-4535	인천광역시 서구 건지로 264 205호 (가좌동)	O	O					
열린치과의원	032-567-2405	"인천광역시 서구 완정로 170 2층 (마전동, 광성빌딩)"							O
행복담은샘치과의원	032-574-2828	"인천광역시 서구 검단로 480, 4층 (왕길동)"							O
스마트치과의원	032-202-7272	인천광역시 서구 가정로 370 3층 (가정동)							O
청라건강한내과의원	032-567-8009	"인천광역시 서구 청라라임로 71 5층 (청라동, 진영메디피아) "	O	O	O	O	O		
파스텔치과의원	032-563-2080	"인천광역시 서구 완정로 61 3층 (마전동, 윤성프라자)"							O
타임치과의원	032-566-7475	"인천광역시 서구 원당대로 841, (원당동)"							O
모드니치과의원	032-568-2735	"인천광역시 서구 중봉대로 587 지하2층 (경서동, 홈플러스 청라점)"							O
청라리더스치과의원	032-563-2875	인천 서구 경서동976-47 (3층)							O
원치과의원	032-583-0275	인천광역시 서구 고래울로 4 (가좌동)							O
우리들산부인과의원	032-562-8228	"인천광역시 서구 완정로 187 3층 (왕길동, 마전메디칼센타) "					O		
참조은박치과의원	032-561-2879	"인천광역시 서구 완정로 31,3층 302호(마전동, 동아프라자 )"							O
이사랑치과의원	032-579-9944	인천광역시 서구 길주로 90 2층 (석남동)							O
닥터함치과의원	032-575-0075	인천광역시 서구 가정로 374 (가정동)							O
속편한외과의원	032-719-8740	인천광역시 서구 탁옥로 45 (심곡동)	O	O	O				
속편한의원	032-719-8740	인천광역시 서구 탁옥로 45 (심곡동)	O	O	O				
청라오치과의원	032-569-2855	"인천광역시 서구 청라라임로 65 403호 (연희동, 라임타워)"							O
JS노송병원	032-516-5000	"인천광역시 서구 가정로 280 2~5층, 7층 (석남동)"	O	O	O				
연세권치과의원	032-584-2804	"인천광역시 서구 가정로 375 309호 (신현동, 금강아미움)"							O
맑은미소치과의원 (청라)	032-566-2879	인천광역시 서구 솔빛로 86 2층 (경서동)							O
서울리더스치과의원	032-566-1275	"인천광역시 서구 승학로 497 301,302호 (검암동, 검암프라자)"							O
우리편한내과의원	032-577-1195	"인천광역시 서구 가정로 375 405,406호 (신현동, 금강아미움)"	O	O	O	O	O		
코안이비인후과의원	032-773-8275	"인천광역시 서구 서곶로 823 2층 (당하동, 송산프라자1)"							
서울보스톤치과의원	032-575-2801	"인천광역시 서구 건지로 402 (가좌동, 한신휴플러스상가 402동 302,303호)"							O
웰치과의원	032-567-1410	인천광역시 서구 심곡로49번길 1 (심곡동)							O
청라이플란트치과의원	032-715-4587	인천광역시 서구 중봉대로 602 105호 (연희동)							O
지오웰치과의원	032-568-7528	"인천광역시 서구 원당대로 581 2층 (마전동, 롯데마트)"							O
청라여성병원	032-716-6000	"인천광역시 서구 중봉대로 602 2~6층,9층 (청라동)"	O	O	O	O	O		
청라여성병원	032-716-6000	"인천광역시 서구 중봉대로 602 2~6,9층 (연희동)"	O	O	O	O	O		
강화치과의원	032-934-2804	인천광역시 강화군 강화읍 강화대로404번길 5 6층							O
청라아트치과의원	032-572-2805	"인천광역시 서구 중봉대로 588 901,902호 (연희동, 청라센트럴프라자)"							O
보아스이비인후과의원	032-563-2297	"인천광역시 서구 승학로 497 204호 (검암동, 검암프라자)"							
연희보스톤치과의원	032-562-2825	인천광역시 서구 탁옥로 55 203호 (심곡동)							O
이엔치과의원	032-282-2875	인천광역시 서구 가정로 212 5층 (석남동)							O
마전참사랑의원	032-566-0172	인천광역시 서구 마전로5번길 22-1 2층 (마전동)							
가좌성모의원	032-573-7582	"인천광역시 서구 장고개로 283 지하1층, 1층 일부호 (가좌동)"							
다이아치과의원	032-565-2204	인천광역시 서구 완정로 70 (마전동)							O
브라이트치과의원	032-565-2204	인천광역시 서구 완정로 70 (마전동)							O
닥터케어스치과의원	032-566-2080	인천광역시 서구 중봉대로612번길 10-17 청라 타워돔 309호 (연희동)							O
청라리더스치과의원	032-563-2875	인천광역시 서구 솔빛로 82 3층 (경서동)							O
맑은미소치과의원	032-567-2879	"인천광역시 서구 봉오재3로 40 2층 201호 (가정동, 가정프라자)"							O
신현윤치과의원	032-581-2824	"인천광역시 서구 원창로 174,2층 (신현동)"							O
강남산부인과의원	032-569-3582	"인천광역시 서구 검단로 474 405호, 406호 (왕길동, 뷰비스타운)"					O		
올바른치과의원	032-575-2879	"인천광역시 서구 가정로394번길 1 3층 302호 (가정동, 백천빌딩)"							O
청라치과의원	032-584-2828	"인천광역시 서구 크리스탈로74번길 31 503,504,505호 (경서동, 월드프라자)"							O
조은내일치과병원	032-564-3500	인천광역시 서구 승학로 250 (심곡동)							O
길벗내과의원	032-576-5900	"인천광역시 서구 청라라임로 65 4층 409,410호 (연희동, 라임타워)"	O	O	O				
김준영치과의원	032-562-7575	인천광역시 서구 완정로 160 2층 (마전동)							O
검단나은의원	032-590-5700	"인천광역시 서구 검단로 508 3층 (마전동, 이지준프라자)"	O	O	O	O	O		
다정한내과의원	032-562-7511	"인천광역시 서구 크리스탈로74번길 31 월드프라자 403,404,406호 (청라동)"	O	O	O	O	O		
착한마디병원	032-1577-9782	"인천광역시 서구 완정로 180 2,3,4,5층 (마전동, 동화빌딩)"							
가좌우리내과의원	032-576-8575	인천광역시 서구 고래울로 29 (가좌동)							
나은미소치과의원	032-568-2270	"인천광역시 서구 검단로 508 401, 402호 (마전동, 이지준프라자)"							O
청라다온치과의원	032-563-2804	"인천광역시 서구 청라루비로 93 303, 304호 (경서동, 루비타워)"							O
두진규치과의원	032-581-1443	인천광역시 서구 원적로 100 6층 (가좌동)							O
청라퍼스트치과의원	032-575-2875	"인천광역시 서구 청라커낼로 264 504호, 505호 (경서동, 청라두손중앙프라자)"							O
청라우림치과의원	032-564-2285	"인천광역시 서구 중봉대로 610 503~504호 (연희동, 마루힐프라자)"							O
강플란트치과의원	032-562-1128	"인천광역시 서구 원당대로 660 1001호 (당하동, 영플라자)"							O
참플란트치과의원	032-277-7528	인천광역시 서구 가정로308번길 2 302호 (석남동)							O
인천센터치과의원	032-577-2870	"인천광역시 서구 가정로 280 노송병원 6층 601 일부호, 602호 (석남동) "							O
새빛튼튼의원	032-561-8915	"인천광역시 서구 고산후로95번길 20 힘찬프라자 301,302호 (당하동)"							
다봄내과의원	032-564-1575	"인천광역시 서구 승학로 491 3층 (검암동, 고산빌딩)"	O	O	O	O	O		
검암우리손내과의원	032-561-7075	인천광역시 서구 승학로 498 서해프라자 301~304호 (검암동)	O	O	O	O	O		
청라국제병원	032-577-8275	"인천광역시 서구 청라에메랄드로102번길 8 (청라동, 우성메디피아 2층,4층일부)"	O	O	O				
굿드림치과의원	032-272-2828	"인천광역시 서구 가정로 386 3층 (가정동, 신협)"							O
한결치과의원	032-567-2873	"인천광역시 서구 청라에메랄드로 78 301,302호 (연희동)"							O
서곶이좋은치과의원	032-566-1345	"인천광역시 서구 서곶로 300 202호 (심곡동, 엄지빌딩)"							O
임성식 내과의원	032-932-3375	인천광역시 강화군 강화읍 강화대로 395 준프라자 빌딩 3층	O	O	O				
신현승내과의원	032-582-8575	"인천광역시 서구 원적로 85 (가좌동, 우신프라자)"	O	O	O	O			
서울탑프란트치과의원	032-574-2754	인천광역시 서구 가정로 379 (신현동)							O
서울미소치과의원	032-205-2828	"인천광역시 서구 장고개로337번길 13 10동 2층 1호,2호 (가좌동)"							O
김경현내과의원	032-564-7515	"인천광역시 서구 완정로 36 2층 일부호 (마전동, 한성빌딩)"	O	O	O				
프라임치과의원	032-288-2828	"인천광역시 서구 가정로 437 301동 208~209호 (가정동, 루원시티 SK Leaders' VIEW)"							O
그린산부인과의원	032-574-3535	인천광역시 서구 건지로 371 (가좌동)				O	O		
우리탑내과의원	032-565-8789	"인천광역시 서구 검단로 480 검단리치웰프라자 206,207호 (왕길동)"	O	O	O				
서울삼성치과의원	032-567-5755	"인천광역시 서구 중봉대로 588 청라센트럴프라자 303,304,305호 (청라동) "							O
서울원누리치과의원	032-710-7522	인천광역시 서구 중봉대로586번길 9-4 쓰리엠타워 407호 (연희동)							O
더바른치과의원	032-562-2275	인천광역시 서구 봉오재3로 44 명문프라자 3층 (가정동)							O
인천수내과의원	032-584-5599	인천광역시 서구 가정로394번길 1 (가정동)							
유승진내과의원	032-566-0111	인천광역시 서구 봉오재3로 90 한일골드타워 301호 (가정동)	O	O	O				
청라미래치과의원	032-563-2828	인천광역시 서구 청라루비로 99 302호 (경서동)							O
연세센텀치과의원	032-563-2279	인천광역시 서구 봉오재3로 90 한일골드타워 401호 (가정동)							O
행복한가정의학과의원	032-582-3824	인천광역시 서구 고래울로 4 2층 일부호 (가좌동)							
미유치과의원	032-719-7928	"인천광역시 서구 청라커낼로288번길 10 더스페이스타워 401,402호 (청라동)"							O
가정21세기치과의원	032-773-2879	"인천광역시 서구 염곡로498번안길 16-1 퍼스트프라자 301,302호 (가정동)"							O
굿닥터신치과의원	032-563-2575	"인천광역시 서구 염곡로 468 드림타워 405,406호 (가정동)"							O
마리아산부인과의원	032-575-8870	인천광역시 서구 가정로 358 (가정동)				O	O		
데일리치과의원	032-561-9928	인천광역시 서구 서곶로 788 홀리랜드 204~206호 (당하동)							O
김득조내과의원	032-581-9777	"인천광역시 서구 율도로 98 302호 (석남동, 서인빌딩)"	O	O	O				
우수치과의원	032-565-2080	"인천광역시 서구 완정로 172 304,305호 (마전동)"							O
굿드림치과의원	032-272-2828	"인천광역시 서구 가정로 386 3층 (가정동, 신협)"							
가정백세플란트치과의원	032-272-2828	"인천광역시 서구 가정로 386 3층 (가정동, 신협)"							O
검단서유승내과의원	032-568-4588	인천광역시 서구 완정로 153 이레메디칼센타 3층 (왕길동)	O	O	O				
이주영미즈영상의학과의원	032-562-0033	인천광역시 서구 완정로 172 403호 (마전동)				O			
(의)성세의료재단 뉴성민병원	032-726-1000	인천광역시 서구 신석로 70 (석남동) 	O	O	O	O	O	O	
의료법인루가의료재단 나은병원	032-584-0114	인천광역시 서구 원적로 23	O	O	O	O	O	O	O
검단탑병원	032-590-0114	인천광역시 서구 청마로19번길 5 (당하동) 	O	O	O	O	O	O	O
온누리병원	032-567-6200	인천광역시 서구 완정로 199 	O	O	O	O	O	O	
가톨릭관동대학교 국제성모병원	032-1600-8291	인천광역시 서구 심곡로100번길 25-0 인천국제성모병원	O	O	O	O	O	O	O
데일리치과의원	032-561-9928	인천광역시 서구 서곶로 788 홀리랜드 204~206호 (당하동)							O
뉴욕리더스치과의원	032-573-2825	인천광역시 서구 가정로 372 2층 1호 (가정동)							O
연세별치과의원	032-268-2875	"인천광역시 서구 청라커낼로260번길 27 청라한신더휴커낼웨이 247호,249호 (청라동)"							O
연세예쁜미소치과의원	032-710-2879	인천광역시 서구 청라커낼로260번길 11 진성프라자 405호 (청라동)							O
정 의원	032-933-8765	인천광역시 강화군 강화읍 강화대로 395 (준프라자빌딩)							
스마일365치과의원	032-285-2828	"인천광역시 서구 검단로 485 2,3층 (마전동)"							O
청라좋은병원	032-271-0119	"인천광역시 서구 청라에메랄드로 79-0 2층 (청라동,청라커낼에비뉴2~4층)"	O	O	O	O	O		
검단서울여성의원	032-566-1993	인천광역시 서구 청마로19번길 20 (당하동)				O	O		
행복백세내과의원	032-562-7755	"인천광역시 서구 서곶로 281 자혜정형외과 2층일부,4층 (심곡동)"		O					
서울더탑치과의원	032-267-2828	인천광역시 서구 원당대로 663 한종프라자 3층 (마전동)							O
서울이자라는치과의원	032-213-2875	"인천광역시 서구 새오개로111번안길 21 대성프라자 201, 202호 (신현동)"							O
연세튼튼치과의원	032-721-5662	인천광역시 서구 청마로19번길 20 203호 (당하동)							O
더나아산부인과의원	032-567-5732	인천광역시 서구 검단로 480 검단리치웰프라자 5층 (왕길동)				O	O		
연세장튼튼의원	032-565-0815	인천광역시 서구 이음5로 60 JS프라자 (원당동)	O	O	O	O	O		
연세연희치과의원	032-528-2825	인천광역시 서구 승학로 320 (연희동)							O
서울가족치과의원	032-573-2875	"인천광역시 서구 가정로 369 서경 플러스 존 303,305호 (신현동)"							O
검단퍼스트치과의원	032-563-2872	인천광역시 서구 이음5로 80 3층 (원당동)							O
청라사랑내과의원	032-561-5584	"인천광역시 서구 청라커낼로260번길 11 진성프라자 303, 304, 310, 311, 312호 (청라동)"	O	O					
연세앤치과의원	032-561-7522	인천광역시 서구 이음5로 60 JS프라자 506~507호 (원당동)							O
우리베스트내과의원	032-715-6308	인천광역시 서구 염곡로464번길 15 4층 (가정동)	O	O	O	O	O		
검암우리치과의원	032-566-0017	인천광역시 서구 승학로 491 (검암동)							O
청라바른내과의원	032-562-8575	"인천광역시 서구 청라한내로161번길 3-5 2, 3, 4층 (청라동)"	O	O	O	O	O		
삼성센트럴의원	032-716-9930	"인천광역시 서구 원당대로 1045 금호헤리티지7 5~6층 501~513, 608~613호 (원당동)"							
태헬스케어의원	032-716-9930	"인천광역시 서구 원당대로 1045 금호헤리티지7 5~6층 501~513, 608~613호 (원당동) "	O	O	O	O	O		
조성원내과의원	032-565-0771	인천광역시 서구 청마로 163 (당하동)	O	O	O	O	O		
플란치과의원	032-564-7528	"인천광역시 서구 원당대로 1045 금호헤리티지7 301~304,601~607호 (원당동) "							O
서울바로치과의원	032-568-7573	인천광역시 서구 이음대로 378 로뎀타워 304~306호 (원당동)							O
청라행복내과의원	032-569-8000	"인천광역시 서구 중봉대로 588 506,507호 (연희동, 청라센트럴프라자)"	O	O	O	O	O		
리더S탑치과의원	032-257-2828	"인천광역시 서구 가정로 437 301동 310~311호 (가정동, 루원시티 SK Leaders' VIEW)"							O
위바른내과의원	032-561-5570	"인천광역시 서구 이음대로 378 로뎀타워 501~506, 511호 (원당동)"	O	O	O	O	O		
루원성모내과의원	032-575-8276	"인천광역시 서구 가정로 437 301동 B114~115호 (가정동, 루원시티 SK Leaders' VIEW)"	O	O	O				
바라던치과의원	032-561-2828	"인천광역시 서구 청라한내로100번길 24 쓰리엠파크2 3층 306,307호 (청라동)"							O
문내과의원	032-561-7515	"인천광역시 서구 청라한내로72번길 23 301,302호 (청라동)"	O	O	O	O	O		
검암연세내과의원	032-572-5126	인천광역시 서구 승학로483번길 18-8 (검암동)	O	O	O				
청라나눔내과의원	032-567-0750	인천광역시 서구 청라한내로 90 MK뷰 505~9호 (청라동)	O	O	O	O	O		
연세세브란스치과의원	032-298-2828	인천광역시 서구 서곶로 866 강서빌딩 3층 (마전동)							O
삼성플러스유외과의원	032-265-6075	인천광역시 서구 이음대로 388 ABM타워 6층 603~607호 (원당동)				O			
서인천성모의원	032-566-8275	"인천광역시 서구 탁옥로 49 4층 (심곡동, 제스트프라자) "	O	O	O	O	O		
이앤백치과의원	032-562-7528	인천광역시 서구 이음대로 392 메트로시티 4층 407~409호 (원당동)							O
아산큰내과의원	032-563-2770	인천광역시 서구 검단로 469 4~5층 (왕길동)	O	O	O	O	O		
늘치과의원	032-566-2030	"인천광역시 서구 비즈니스로 166 708동 2층 8호 (청라동, 청라국제 업무단지 센텀 대광로제비앙)"							O
퍼스널치과의원	032-265-2828	인천광역시 서구 청라한내로 90 MK뷰  403~4호 (청라동)							O
검단가온치과의원	032-266-2879	인천광역시 서구 완정로178번길 1 검단빌딩 201~202호 (마전동) 							O
이김치과의원	032-561-1021	인천광역시 서구 서곶로 293 (심곡동)							O
피어나치과교정과치과의원	032-568-0502	인천광역시 서구 이음5로 62 정인프라자 4층 401~406호 (원당동)							O
치과로와치과의원	032-562-5475	인천광역시 서구 발산로 6 아인시티 주차타워 306~310호 (원당동)							O
검단이화연합의원	032-277-0705	인천광역시 서구 이음5로 80 검단퍼스트 5층 (원당동)							
연세검단치과의원	032-225-7528	인천광역시 서구 이음대로 388 ABM타워 503~509호 (원당동) 							O
인천맥치과의원	032-565-7928	인천광역시 서구 봉오대로 255 305.306.307.308호 (가정동) 							O
검단이엠365의원	032-568-5011	"인천광역시 서구 이음5로 30 연세프라자9 2,3층 206~214, 305~314호 (원당동) "							
검단센트럴치과의원	032-569-2275	인천광역시 서구 이음대로 479 CS메디칼프라자 2층 201호 (당하동) 							O
든든내과의원	032-564-0102	"인천광역시 서구 이음대로 479 CS메디칼프라자 301, 302호 (당하동) "	O	O	O	O	O		
검단위키즈 병원	032-713-3300	"인천광역시 서구 원당대로 1039 태경타워 3,4층 전체호 (원당동) "							
아인내과의원	032-565-1806	인천광역시 서구 발산로 6 아인시티 주차타워 401 ~ 406호 (원당동) 	O	O	O	O	O		
아라서울여성의원	032-721-7633	인천광역시 서구 원당대로 1045 금호헤리티지7 4층 401~403호 (원당동) 					O		
홍앤장내과의원	032-566-5353	"인천광역시 서구 가정로 406 301~303호 (가정동, 루원지웰시티푸르지오) "	O	O	O	O	O		
청라365클리어 치과의원	032-564-2822	인천광역시 서구 청라에메랄드로 94 인천 청라빌딩 2층 204호 (청라동) 							O
검단다온치과의원	032-569-2875	인천광역시 서구 완정로 54 두영빌딩 2층 202호 (마전동) 							O
루원탑내과의원	032-561-7535	인천광역시 서구 봉오대로 255 루원눈담봄 2층 207~210호 (가정동) 	O	O	O	O	O		
연세조내과의원	032-563-6894	"인천광역시 서구 검단로768번1길 4 2,3층 (불로동, 세인빌딩)"	O	O	O	O	O		
검단조은아이365병원	032-721-8288	"인천광역시 서구 발산로5번길 12 인천검단 엔젤리움1차 윈팰리스 6,7층 (원당동) "							
더바른성모내과의원(The바른성모내과의원)	032-568-8275	인천광역시 서구 이음3로 149 위너스 프라자 5층 (당하동) 	O	O	O	O	O		
검단뉴욕치과의원	032-567-8528	인천광역시 서구 원당대로 1045 금호헤리티지7 4층 404~407호 (원당동) 							O
파랑새플란트 치과의원	032-715-5672	인천광역시 서구 중봉대로 594 청라비전프라자 501~503호 (청라동) 							O
루원퍼스트치과의원		"인천광역시 서구 서곶로 50 2층 A207~A212호 (가정동, 루원시티 대성베르힐 더 센트로) "							O
바른공감치과의원	032-279-2879	"인천광역시 서구 서로3로 104 신화프라자 3층 303,304호 (당하동) "							O
위드치과의원	032-564-2870	"인천광역시 서구 청마로 171 301호 (당하동, 청석빌딩) "							O
검단스마트내과의원	032-566-1199	인천광역시 서구 서로3로 104 신화프라자 4층 401~403호 (당하동) 	O	O	O	O	O		
청라아이비치과의원	032-285-2875	인천광역시 서구 청라한내로 110 204호 (청라동) 							O
서울샤인치과의원	032-563-2842	인천광역시 서구 솔빛로 24 301호 (경서동)							O
루원미소치과교정과 치과의원	032-576-2879	"인천광역시 서구 가정로 406 308, 309호 (가정동, 루원지웰시티푸르지오) "							O
청라좋은병원	032-271-0119	"인천광역시 서구 청라에메랄드로 79 1층 일부층, 2층~4층 (청라동) "	O	O	O				
연세조내과의원	032-563-6894	"인천광역시 서구 검단로768번1길 4 2,3층 (불로동, 세인빌딩) "	O	O	O	O	O		
나아라치과의원	032-287-2828	인천광역시 서구 이음5로 36 더원타워 주건축물제1동 5층 501~503호 (원당동) 							O
대한결핵협회 인천광역시지부 복십자의원	032-868-8921	"인천광역시 서구 원당대로 856 마크포레스트 어반 2층 201, 202 일부호 (당하동) "							
예온치과병원	1551-2870	인천광역시 서구 이음4로 6 KR법조타워 5층 전체호 (당하동) 							O
검단성모산부인과의원	032-561-2070	"인천광역시 서구 이음대로 378 로뎀타워 4층 408,409호 (원당동) "					O		
검단항외과의원	032-565-7500	인천광역시 서구 이음5로 36 4층 401~404호 (원당동) 	O		O				
서울정형외과의원	032-561-1140	"인천광역시 서구 염곡로 468 드림타워 601호,7층,8층 (가정동)"	O	O	O	O	O		O
검단다정의원	032-710-5717	인천광역시 서구 서로3로 198 2층 214~216호 (원당동) 							
검단아라산부인과의원	032-569-7575	인천광역시 서구 이음대로 392 메트로시티 5층 512~515호 (원당동) 				O	O		
이보다구강악안면외과치과의원	032-562-1175	인천광역시 서구 바리미로 17 로데오스퀘어 4층 (원당동) 							O
인천힐링스병원	032-577-2000	인천 서구 석남1동 509-2번지							
이재준내과의원	032-883-6347	인천광역시 중구 축항대로86번길 38 (항동7가)	O	O	O				
신제일산부인과의원	032-751-1119	"인천광역시 중구 신도시남로 137 화평빌딩 4층 401,402호 (운서동) "					O		
우리들정형외과의원	032-772-1393	인천광역시 중구 북성동2가 12-32							
박선희치과의원	032-762-6980	인천광역시 중구 참외전로 134 2층 (인현동)						O	
허형범치과의원	032-765-2828	인천광역시 중구 신포동 16번지 9통1반						O	
선치과의원	032-886-7528	인천광역시 중구 항동7가 76-2 롯데마트 3층						O	
이플란트치과의원	032-746-2804	인천광역시 중구 신도시남로 137 3층 (운서동) 						O	
신흥메디칼의원	032-885-7582	인천광역시 중구 신흥동3가 6-18							
이사랑치과의원	032-751-2875	인천광역시 중구 흰바위로 31 3층 (운서동)						O	
서울외과의원	032-746-7582	인천광역시 중구 운남로 167 2-3층 (운남동)							
신흥메디칼의원	032-885-7582	인천광역시 중구 도원로7번길 11 (신흥동3가)	O		O				
주내과의원	032-751-7582	인천광역시 중구 흰바위로 31 2층 (운서동)							
보스톤미에스테틱치과의원	032-752-7528	"인천광역시 중구 신도시남로141번길 5-8 304호 (운서동,천지인빌딩)"						O	
더웰치과의원	032-886-2875	인천광역시 중구 인항로 34 3층 (신흥동3가)						O	
아이본산부인과의원	032-772-7474	인천광역시 중구 참외전로 160-1 (경동)					O		
연세참가정의학과의원	032-766-0075	인천광역시 중구 우현로 47 4층 (신포동)							
온누리내과의원	032-747-0470	인천광역시 중구 신도시남로 137 2~3층 (운서동)	O	O	O	O	O		
삼성내과의원	032-762-1137	인천광역시 중구 서해대로 476 우정빌딩 1층 (유동)	O	O	O				
영종디지털치과의원	032-752-2879	인천광역시 중구 하늘별빛로 71 타임프라자 202~203호 (중산동)						O	
서울더(THE)좋은치과의원	032-746-9225	인천광역시 중구 하늘별빛로 59 4층 (중산동) 						O	
서울하늘치과의원	032-764-2804	인천광역시 중구 운남로 168 102호(운남동)						O	
편안내과의원	032-747-2236	인천광역시 중구 하늘별빛로 71 4층 (중산동)	O	O	O				
하늘리더스치과의원	032-751-2840	인천광역시 중구 하늘중앙로 193 조양타워 5층 502호 (중산동)						O	
하늘수치과의원	032-752-2875	인천광역시 중구 하늘중앙로195번길 29 3층 (중산동)						O	
하늘도시산부인과의원	032-746-1236	"인천광역시 중구 하늘달빛로 94 스타타워 5층 509,510,511호 (중산동)"					O		
상아플러스치과의원	032-772-2877	인천광역시 중구 우현로 75 3층 (인현동)						O	
영종국제치과의원	032-225-2879	인천광역시 중구 하늘별빛로65번길 7-9 403호 (중산동)						O	
의료법인 성세의료재단 영종국제병원	032-721-3000	"인천광역시 중구 하늘별빛로65번길 7-9 3층 (중산동,스카이타워)"	O	O	O	O	O		
영종시카고치과교정과치과의원	032-215-7528	인천광역시 중구 하늘별빛로65번길 8-11 메이채프라자 301~2호 (중산동)						O	
더(THE)착한치과의원	032-777-2877	"인천광역시 중구 우현로39번길 4-2 1,2층 (신포동) "						O	
운서조은사람치과의원	032-751-2877	인천광역시 중구 흰바위로 37 영종프라자 401호 (운서동)						O	
더본플란트치과의원	032-772-7528	인천광역시 중구 우현로 34 4층 (답동)						O	
영종웰치과의원	032-747-0275	"인천광역시 중구 하늘달빛로 94 대지스타타워 505, 506호 (중산동)"						O	
성모연합의원	032-710-4474	인천광역시 중구 우현로 41 2층 (신포동)							
연세세브란스치과의원	032-237-7575	"인천광역시 중구 우현로 93 빙고,티월드,성신디지털카메라 2,3,4층 (인현동)"						O	
인천웰빙내과의원	032-764-3800	인천광역시 중구 우현로 75 2층 (인현동) 	O	O	O	O	O		
예스서울치과의원	032-7529728	"인천광역시 중구 영종대로 184 402호,403호 일부 (운서동)"						O	
스카이한방병원	032-752-1079	인천광역시 중구 자연대로 47-0 4층 (중산동)	O	O	O	O			
슈어치과교정과치과병원		"인천광역시 중구 하늘중앙로225번길 3-0 301302호 (중산동,영종M타워)"						O	
영종 센트럴 이비인후과의원	032-746-3579	인천광역시 중구 흰바위로 258 5층 (운남동) 							
하늘메디컬의원	032-752-6008	인천광역시 중구 하늘중앙로 193 조양타워 4층 401호 (중산동)	O	O	O	O	O		
장튼튼내과의원	032-752-2388	인천광역시 중구 하늘달빛로 94 스타타워1 301~303호 (중산동)	O	O	O	O	O		
연세공항의원	032-751-6119	"인천광역시 중구 공항로424번길 66 (운서동, 엘지인천공항에클라트 비111호, 비112호 )"	O	O	O				
현대치과의원	032-773-8333	인천광역시 동구 송림로 100 3층 (송림동) 						O	
민영규치과의원	032-884-3483	인천광역시 중구 축항대로86번길 38 (항동7가)						O	
영종센트럴치과의원	032-710-5622	"인천광역시 중구 흰바위로 258 4층 405, 406호"						O	
인천기독병원	032-270-8000	인천광역시 중구 답동로30번길 10 (율목동) 	O	O	O	O	O	O	
디지털타임치과의원	032-777-7579	인천광역시 중구 우현로 93-1 6층						O	
예스율산부인과의원	032-218-1007	인천광역시 중구 영종대로 184 3층 301호					O		
영종속시원내과의원	032-716-9575	인천광역시 중구 하늘중앙로 197 5층 501호 (중산동) 	O	O	O	O	O		
뿌리플란트 치과의원	032-217-0510	"인천광역시 중구 하늘중앙로225번길 11 2층 203,204호 (중산동) "						O	
영종이엠365의원	032-752-1190	인천광역시 중구 하늘달빛로 84 4층 (중산동) 							
인천국제공항의원	032-743-3119	인천광역시 중구 공항로 272 (운서동) 							
인하대학교의과대학부속병원	032-890-2114	인천광역시 중구 인항로 27-0 인하대학병원 	O	O	O	O	O	O	
강화군보건소	032-930-4048	인천광역시 강화군 강화읍 충렬사로 26-1							O
비에스종합병원	032-290-0011	인천광역시 강화군 강화읍 충렬사로 31-0	O	O	O	O	O		O
강화병원	032-930-8146	인천광역시 강화군 강화읍 강화대로312번길  11	O	O	O		O		
남궁내과의원	032-934-2142	인천광역시 강화군 강화읍 강화대로 422	O	O					
인성의원	032-932-4455	인천광역시 강화군 강화읍 중앙로 23  (인성의원)	O	O	O	O			
임성식내과의원	032-932-3375	인천광역시 강화군 강화읍 강화대로 395 (준프라자빌딩)	O	O	O				
에바다의원	032-933-0059	인천광역시 강화군 강화읍 중앙로 25					O		
유여성의원	032-933-6080	인천광역시 강화군 강화읍 강화대로 410					O		
정 의원	032-933-8765	인천광역시 강화군 강화읍 강화대로 395 (준프라자빌딩)							
서울치과의원	032-933-2886	인천광역시 강화군 강화읍 중앙로 43 2층  204호							O
고려치과의원	032-932-2875	인천광역시 강화군 강화읍 동문안길 9-1							O
오치과의원	032-933-2828	인천광역시 강화군 강화읍 강화대로404번길 4							O
이편한치과의원	032-932-2275	인천광역시 강화군 강화읍 강화대로 395  3층							O
온수플러스치과의원	032-937-7504	인천광역시 강화군 길상면 길상로 317							O
강화치과의원	032-934-2804	인천광역시 강화군 강화읍 강화대로404번길  5 6층							O
건플란트치과의원	032-937-2872	인천광역시 강화군 길상면 온수길 23							O
가온자리한방병원	032-272-7500	인천광역시 강화군 불은면 해안동로 464-19							
북도보건지소	032-899-3181	인천광역시 옹진군 북도면 시도로 82							O
연평보건지소	032-899-3182	인천광역시 옹진군 연평면 연평중앙로 24번길 3							O
백령보건지소	032-899-3326	인천광역시 옹진군 백령면 백령로833번길 26-29							O
대청보건지소	032-899-3184	인천광역시 옹진군 대청면 대청로 3 대청보건지소							O
덕적보건지소	032-899-3185	인천광역시 옹진군 덕적면 덕적남로 7-1							O
자월보건지소	032-899-3186	인천광역시 옹진군 자월면 자월서로 164번길 23 자월보건지소							O
영흥보건지소	032-899-3187	인천광역시 옹진군 영흥면 영흥남로 449							O
장봉보건지소	032-899-3589	인천광역시 옹진군 북도면 장봉로 554 장봉보건지소							O
인천광역시 의료원 백령병원	032-836-1733 	인천광역시 옹진군 백령면 백령로 233 	O		O	O	O		O
하나의료조합 영흥우리의원	032-886-9411 	인천광역시 옹진군 영흥면 영흥로176번길 8 영흥늘푸른센터 							
하나의료조합 영흥치과의원	032-887-2872 	인천광역시 옹진군 영흥면 영흥로176번길 8 영흥늘푸른센터 							O
