시설종류,시설명,군구명,주소,lat,lon
지역자활센터,강화지역자활센터,강화군,강화군 강화읍 충렬사로 155,37.730076,126.47431
지역자활센터,중구지역자활센터,중구,중구 제물량로 132-2,37.4697066,126.629344
지역자활센터,동구지역자활센터,동구,"동구 송림로 78,5층(송림동)",37.4752434,126.6435241
지역자활센터,희망지역자활센터,미추홀구,"미추홀구 송림로 249, 4층",37.4752412,126.660637
지역자활센터,미추홀지역자활센터,미추홀구,"미추홀구 인주대로 493, 3층 ",37.4509062,126.6915156
지역자활센터,연수지역자활센터,연수구,연수구 청명로3번길 8-5,37.4168587,126.6739369
지역자활센터,남동지역자활센터,남동구,남동구 만수로 12-6,37.4580506,126.7307341
지역자활센터,부평지역자활센터,부평구,"부평구 후정동로 6, 3층",37.5177841,126.7380713
지역자활센터,부평남부지역자활센터,부평구,"부평구 후정동로 6, 2층",37.5177841,126.7380713
지역자활센터,계양지역자활센터,계양구,계양구 계양산로102번길 5,37.5473552,126.7271556
지역자활센터,서구지역자활센터,서구,서구 원창로 76,37.5170902,126.6575266
종합사회복지관,백령사회복지관,옹진군,백령로 271번길20,37.9706123,124.7200082
종합사회복지관,성미가엘사회복지관,중구,송학로 40번길 (내동),37.4744321,126.6272749
종합사회복지관,송림사회복지관,동구,송림로 43번길(송림1동),37.4754029,126.6399549
종합사회복지관,창영사회복지관,동구,우각로 57번지(창영동),37.4706381,126.6409677
종합사회복지관,인천사회복지관,미추홀구,매소홀로 418번길14-57(학익1동),37.4390414,126.6669697
종합사회복지관,미추홀사회복지관,미추홀구,염창로 97(주안5동),37.465582,126.6849654
종합사회복지관,숭의사회복지관,미추홀구,독배로 485(숭의2동),37.4608158,126.6479156
종합사회복지관,선학사회복지관,연수구,선학로 14(선학동),37.4187542,126.6964008
종합사회복지관,세화사회복지관,연수구,원인재로 315(연수3동),37.4194268,126.6889814
종합사회복지관,연수사회복지관,연수구,원인재로 212(연수2동),37.413923,126.6833951
종합사회복지관,함박사회복지관,연수구,함박안로 217(연수1동),37.4265445,126.682564
종합사회복지관,만수사회복지관,남동구,담방로 105(만수1동),37.4498127,126.7392817
종합사회복지관,만월사회복지관,남동구,서판로 54번길12(만수3동),37.4635538,126.7254835
종합사회복지관,성산사회복지관,남동구,석정로552(간석동),37.4658388,126.6971069
종합사회복지관,논현사회복지관,남동구,호구포로 292(논현동),37.4082265,126.713252
종합사회복지관,구월사회복지관,남동구,선수촌로7(구월동),37.460365,126.7149669
종합사회복지관,갈산사회복지관,부평구,주부토로 206(갈산동),37.5133583,126.7273788
종합사회복지관,부평중부사회복지관,부평구,경원대로 1418-13(부평1동),37.490971,126.7263757
종합사회복지관,삼산사회복지관,부평구,평천로 447(삼산동),37.5178556,126.7401199
종합사회복지관,계양사회복지관,계양구,아니지로 517(서운동),37.5264246,126.7498825
종합사회복지관,인천기독교사회복지관,서구,심곡로 124번길10(심곡동),37.5440805,126.6828051
노숙인재활시설,은혜의집,서구,심곡로132번길22(심곡동),37.5451433,126.6853895
노숙인요양시설,광명의집,서구,새오개로16번길 7-4,37.5117642,126.6662733
노숙인요양시설,다사랑의집,미추홀구,인주대로11번길 34-10(숭의동),37.4617497,126.6406847
노숙인요양시설,한무리Holylife,미추홀구,장천로19번길 15(숭의동),37.4595976,126.6460391
노숙인자활시설,내일을여는자활쉼터,계양구,경명대로1029-35(계산동),37.5439267,126.7211494
쪽방상담소,쪽방상담소,계양구,계양산로91(계산동),37.5478663,126.725786
장애인거주시설(법인),샬롬원,강화군,교동면 교동서로 412번길 184-94,37.7774332,126.2196156
장애인거주시설(법인),중증장애인요양시설 예닮,강화군,강화읍 갑룡길 206번길 66,37.7477161,126.5191138
장애인거주시설(법인),색동원,강화군,길상면 장촌길 31,37.6502923,126.4895643
장애인거주시설(법인),요한의집(실비),강화군,길상면 해란길 63-1,37.6489346,126.4757688
장애인거주시설(법인),장봉혜림원,옹진군,북도면 장봉로 26번길 218,37.5345044,126.3726355
장애인거주시설(법인),장봉혜림요양원,옹진군,북도면 장봉로 26번길 218,37.5345044,126.3726355
장애인거주시설(법인),해피타운,옹진군,영흥면 영흥서로 277-36,37.2761521,126.4720665
장애인거주시설(법인),브솔시내,미추홀구,동산로 4(도화동),37.4692559,126.6511294
장애인거주시설(법인),미추홀푸르내,미추홀구,석바위로 107(주안동),37.460415,126.6850653
장애인거주시설(법인),밝은마음,연수구,봉재산로 68(동춘동),37.4058951,126.6650204
장애인거주시설(법인),동심원,연수구,봉재산로 68(동춘동),37.4058951,126.6650204
장애인거주시설(법인),하늘채,남동구,"장아산로 200번길 8(서창동, 하늘채)",37.433626,126.751176
장애인거주시설(법인),성촌의집,부평구,경인로 701번길 26(십정동),37.4726322,126.7073256
장애인거주시설(법인),은광원,부평구,마분로 8(부개동),37.4852045,126.7371021
장애인거주시설(법인),인천광명원,부평구,경인로 769번길 27(십정동),37.4795494,126.708655
장애인거주시설(법인),성동원,부평구,경인로 880(부평동),37.4848826,126.7182913
장애인거주시설(법인),예림원,부평구,동수로 87(부평동),37.4859705,126.7283034
장애인거주시설(법인),우리들의집,부평구,경인로 701번길 26(십정동),37.4726322,126.7073256
장애인거주시설(법인),예원,계양구,둑실안길 54,37.580034,126.6969124
장애인거주시설(개인),평화의집,연수구,경원대로 588번길 5(선학동),37.4365501,126.6969822
장애인거주시설(개인),쉴만한물가의집,부평구,원적로 421번길 9-12(산곡동),37.5043416,126.7127314
장애인거주시설(개인),희락원,중구,송학로 48(내동),37.4748813,126.6268081
장애인공동생활가정,우리마을공동생활가정1,강화군,길상면 해란길 63,37.6486223,126.4755072
장애인공동생활가정,릴리공동생활가정4,강화군,길상면 길상로 242-28,37.6373052,126.4982924
장애인공동생활가정,우리마을공동생활가정4,강화군,길상면 해란길 63,37.6486223,126.4755072
장애인공동생활가정,릴리공동생활가정1,강화군,길상면 길상로 242-28,37.6373052,126.4982924
장애인공동생활가정,릴리공동생활가정2,강화군,길상면 길상로 242-28,37.6373052,126.4982924
장애인공동생활가정,릴리공동생활가정3,강화군,길상면 길상로 242-28,37.6373052,126.4982924
장애인공동생활가정,다사랑공동생활가정,중구,도원로 14번길 15-1,37.4654736,126.6374107
장애인공동생활가정,송림공동생활가정,동구,"송림로 50, 2-406(송림동, 삼익A)",37.4742212,126.6412715
장애인공동생활가정,기분좋은그룹홈1,미추홀구," 한나루로 490번길 59,201호(주안동)",37.4506292,126.6699961
장애인공동생활가정,기분좋은그룹홈3,미추홀구,"인하로 294번길 8,201호(관교동)",37.442705,126.6944257
장애인공동생활가정,길벗그룹홈,미추홀구,남구 남주길 125번길64-14(주안동),37.4566739,126.6768617
장애인공동생활가정,길벗숭의그룹홈,미추홀구," 석정로 102번길 11,3층(숭의동)",37.4676072,126.6474887
장애인공동생활가정,예그리나공동생활가정1,미추홀구,"경인로 395, 4-403(주안동, 현대A)",37.4591866,126.6839415
장애인공동생활가정,밀알공동생활가정1,미추홀구,석정로 326번길 12-13(도화동),37.466985,126.6718968
장애인공동생활가정,밀알공동생활가정2,미추홀구,"경원대로 640번길 12-22, 2층(관교동)",37.4404143,126.6946846
장애인공동생활가정,어울림의집,미추홀구,독배로 434번길 18,37.4587205,126.6499663
장애인공동생활가정,선학1공동생활가정,연수구,"청능말로14번길 10, 101호(청학동)",37.4174038,126.6678007
장애인공동생활가정,선학2공동생활가정,연수구,"청능말로 22번길 10, 101호(청학동)",37.4169838,126.667862
장애인공동생활가정,그룹홈안젤로2호,연수구," 청학로 28번길 14,301호(청학동)",37.4300656,126.6640668
장애인공동생활가정,연수공동생활가정,연수구,"청능말로 8번길 9, 301호(청학동)",37.4175638,126.6678842
장애인공동생활가정,청학공동생활가정,연수구,"청능말로 8번길 9, 101호(청학동)",37.4175638,126.6678842
장애인공동생활가정,기분좋은그룹홈2,남동구,"독곡로 16번길 12-20, B-401",37.4376026,126.7465709
장애인공동생활가정,그룹홈안젤로,남동구,남촌동로 16번길15-12(남촌동),37.4330212,126.7170715
장애인공동생활가정,한나의집,부평구,"부흥로 243번길 39,3-114(부평동, 욱일아파트)",37.5005565,126.7169773
장애인공동생활가정,만인의집,부평구," 마장로 269번길 91-63, 402호",37.5023495,126.6973365
장애인공동생활가정,섬나공동생활가정1,계양구,"황어로 115번길 13,벽산블루밍 102-102",37.5793165,126.7315832
장애인공동생활가정,섬나공동생활가정2,계양구,"동양로100, 302동 1206호(동양동, 한진해모로)",37.5583729,126.7573146
장애인공동생활가정,섬나공동생활가정3,계양구,"장기서로 16번길 13,101-101",37.5769388,126.7325033
장애인공동생활가정,마전공동생활가정,서구,"경명대로 698-4, B/201(공촌동, 대국빌라)",37.551558,126.6859715
장애인공동생활가정,예그리나공동생활가정2,서구,"연희로 28번길 17-1,301호(연희동)",37.5507781,126.6727507
장애인공동생활가정,인정공동생활가정1,서구,"승학로 506번안길 57,103동 203호",37.5622622,126.6743809
장애인공동생활가정,인정공동생활가정2,서구,"승학로 506번안길 57,103동 303호",37.5622622,126.6743809
장애인공동생활가정,인정공동생활가정3,서구,"승학로 506번안길 57,103동 202호",37.5622622,126.6743809
장애인공동생활가정,인정공동생활가정5,서구,"승학로 506번안길 57,103동 302호",37.5622622,126.6743809
장애인공동생활가정,한원공동생활가정,서구,심곡로 100번길8-11(심곡동),37.5411246,126.6824577
장애인공동생활가정,참빛공동생활가정1,서구,여우재로 86번길 4,37.4860611,126.6882925
장애인공동생활가정,참빛공동생활가정2,서구,여우재로 86번길 4,37.4860611,126.6882925
장애인단기거주시설,이든단기보호센터,중구,우현로 62번길 38-1,37.4723786,126.6314891
장애인단기거주시설,미추홀단기보호센터,미추홀구,석정로 240번길 5(도화동),37.4679856,126.6624056
장애인단기거주시설,기쁨의집단기보호센터,미추홀구,독정안길 42번길 13-12(숭의동),37.4598302,126.6564714
장애인단기거주시설,연수허브단기보호센터,연수구,"선학로 14(선학동, 선학시영상가)",37.4187542,126.6964008
장애인단기거주시설,해늘단기보호센터,부평구,"화랑북로 35-4(산곡동, 1층)",37.49639,126.7070351
장애인직업재활시설,우리마을,강화군,길상면 길상로242-28,37.6373052,126.4982924
장애인직업재활시설,모아직업재활시설,강화군,길상면 장촌길31,37.6502923,126.4895643
장애인직업재활시설,예닮 직업재활시설,강화군,갑룡길206번길 66,37.7477161,126.5191138
장애인직업재활시설,공감,옹진군,영흥면 영흥로525번길 63-67(영흥면 외리 894-1),37.2561909,126.4528197
장애인직업재활시설,인천중구장애인보호작업장,중구,매소홀로10,37.4526309,126.6284364
장애인직업재활시설,일도재활관,중구,참외전로 149-78,37.4745514,126.6327485
장애인직업재활시설,채움,동구,보세로 26번길 24-16,37.4892087,126.6206837
장애인직업재활시설,핸인핸,동구,방축로157번길 48,37.4826823,126.6641373
장애인직업재활시설,미추마루보호작업장,미추홀구,석정로212번길7(도화동),37.4675746,126.6591669
장애인직업재활시설,모퉁이보호작업장,미추홀구,경인로7번길 41(숭의동),37.4645979,126.6450058
장애인직업재활시설,미추클린센터,미추홀구,인하로 137,37.4495886,126.6633682
장애인직업재활시설,vision N,미추홀구,경원대로 714,37.4462779,126.690419
장애인직업재활시설,애호일터,미추홀구,"경인로 345, 2층",37.4589142,126.678541
장애인직업재활시설,어울림카페,미추홀구,경인로 345,37.4619882,126.6699459
장애인직업재활시설,예림일터,미추홀구,염전로 262-2 (도화동),37.4724699,126.6690781
장애인직업재활시설,행복한 일터,미추홀구,"석정로202번길 11-20, 2층",37.4672125,126.6585058
장애인직업재활시설,해내기보호작업장,연수구,앵고개로 130,37.4121566,126.6593357
장애인직업재활시설,열린일터,남동구,담방서로 23번길 17,37.44724,126.7364115
장애인직업재활시설,인천안마수련원,남동구,구월로 235 2층,37.4564002,126.7167141
장애인직업재활시설,해봄비,남동구,소래로 500,37.4302639,126.7357076
장애인직업재활시설,나린,남동구,독점로30번길 15,37.4523945,126.711691
장애인직업재활시설,굿프랜드,부평구,경인로 701-26,37.5112058,126.8918865
장애인직업재활시설,성동N,부평구,경인로 880,37.5147818,126.9021577
장애인직업재활시설,송암보호작업장,부평구,일신로 25,37.4828322,126.7462215
장애인직업재활시설,핸인핸부평,부평구,동수로 87,37.4859705,126.7283034
장애인직업재활시설,스마트재활일터,부평구,화랑로 70(산곡동),37.4896738,126.7034021
장애인직업재활시설,굿윌스토어 부평점,부평구,경인로 1128번길 12,37.4846643,126.7447641
장애인직업재활시설,노틀담베이커리,계양구,계양산로 35번길 12-37,37.5456089,126.7167574
장애인직업재활시설,해피로드,계양구,장제로731 B01호,37.5332074,126.7335469
장애인직업재활시설,비젼꿈터,계양구,"장기로 33, 2층",35.8417677,128.5560253
장애인직업재활시설,계양디딤보호작업장,계양구,"계양천서로 15, 101/103호, 2층호",37.5305703,126.7336201
장애인직업재활시설,그린페이퍼,서구,"보듬로 158, 검단지식산업센터블루텍 103~ 106호/ 319호~321호",37.5976544,126.615077
장애인직업재활시설,두드림보호작업장,서구,드림로 284-8,37.582945,126.6709103
장애인직업재활시설,서구구립장애인직업재활시설,서구,마중1로 12,37.5885427,126.600819
장애인직업재활시설,에진원,서구,심곡로 124번길 10,37.5440805,126.6828051
장애인직업재활시설,인정재활관,서구,서달로 123번안길 24,37.5076,126.677661
장애인직업재활시설,창익,서구,북항로 120번길 13-6,37.5083353,126.6345217
장애인직업재활시설,인천시립장애인예술단,서구,북항로 32번길 37,37.5100541,126.6446417
장애인직업재활시설,호인세상,서구,서달로 123번안길 24(석남동),37.5076,126.677661
장애인직업재활시설,꿈돌이보호작업장,서구,청라에메랄드로 102번길 26,37.5340323,126.6593075
중증장애인생산품판매시설,인천광역시립장애인생산품판매시설,서구,북항로32번길 37(원창동),37.5100541,126.6446417
중증장애인생산품판매시설,인천광역시장애인생산품판매시설,서구,"청라에메랄드로76번길 7, 2층 201호",37.5321148,126.6574778
장애인복지관,강화군장애인복지관,강화군,충렬사로 63,37.7352266,126.4818374
장애인복지관,중구장애인종합복지관,중구,매소홀로 10,37.4526309,126.6284364
장애인복지관,동구한마음종합복지관,동구,만석로 53,37.4816842,126.6251837
장애인복지관,미추홀장애인종합복지관,미추홀구,경원대로 714,37.4462779,126.690419
장애인복지관,인천광역시시각장애인복지관,미추홀구,한나루로 357번길 105-19(학익동),37.4381716,126.6560419
장애인복지관,남동장애인종합복지관,남동구,인주대로 898,37.4478756,126.7369434
장애인복지관,인천장애인종합복지관,연수구,앵고개로 130,37.4121566,126.6593357
장애인복지관,부평장애인종합복지관,부평구,일신로25,37.4828322,126.7462215
장애인복지관,노틀담복지관,계양구,계양산로35번길,37.5460996,126.7167031
장애인복지관,서구장애인종합복지관,서구,드림로 284-8,37.582945,126.6709103
주간보호시설,마리아주간보호센터,강화군,길상면 해란길61,37.649376,126.4758756
주간보호시설,강화군장애인복지관주간보호센터,강화군,충렬사로 63,35.2044228,129.0991459
주간보호시설,무지개주간보호센터,중구,우현로 62번길 38-3,37.472254,126.6314279
주간보호시설,중구장애인주간보호센터,중구,매소홀로10 1층,37.4530872,126.6283509
주간보호시설,동구장애인주간보호센터,동구,"만석로 53,2층",37.4816842,126.6251837
주간보호시설,미추홀장애인복지관 주간,미추홀구,경원대로714(관교동),37.4462779,126.690419
주간보호시설,시각장애인복지관 주간,미추홀구,한나루로 357번길 105-19(학익동),37.4381716,126.6560419
주간보호시설,미추홀장애주간보호센터,미추홀구,염창로 97,37.465582,126.6849654
주간보호시설,미추나래주간보호센터,미추홀구,석정로102번길 11(숭의동),37.4676072,126.6474887
주간보호시설,인천신장장애인주간보호센터,미추홀구,"미추홀대로 716(주안동,메인프라자)207호",37.4612786,126.6806186
주간보호시설,늘푸른샘,미추홀구,인하로 405번길 7,37.4473482,126.693198
주간보호시설,미추홀동그라미주간보호센터,미추홀구,석정로 375번길 23,37.4682681,126.6773009
주간보호시설,해내기주간보호센터,연수구,앵고개로 130,37.4121566,126.6593357
주간보호시설,연수허브주간보호센터,연수구,선학로14,37.4187542,126.6964008
주간보호시설,사랑나눔주간보호센터,연수구,선학로14,37.4187542,126.6964008
주간보호시설,연수구장애인주간보호센터,연수구,"청량로 185번길 31, 에스엠프라자 2층",37.4231298,126.6510232
주간보호시설,늘푸른동산 주간보호센터,남동구,"담방서로23번길 17, 3층 ",37.44724,126.7364115
주간보호시설,하늘고운주간보호센터,남동구,"석정로 501, 3층(간석동, 경신빌딩)",37.4660658,126.6912732
주간보호시설,바다의별 장애인주간보호센터,남동구,남촌동로16번길 15-12,37.4330212,126.7170715
주간보호시설,샛별주간보호센터,남동구,남촌동로3번길 14,37.4313901,126.7172781
주간보호시설,동그라미발달장애인주간보호센터,남동구,"인주대로 819,(문화빌딩 201호)",37.4488897,126.7281866
주간보호시설,민달팽이주간보호센터,남동구,"만수서로37번길55, 하영빌딩 2층",37.4607062,126.7282286
주간보호시설,국손장애인주간보호센터,남동구,남동구 용천로97번길 3,37.4580198,126.7146627
주간보호시설,나래장애인주간보호센터,부평구,"부영로 161, 주안빌딩 402호",37.499473,126.715814
주간보호시설,부흥장애인주간보호센터,부평구,부흥로 334번길 37 3층,37.4966176,126.728112
주간보호시설,꿈이룸주간보호,부평구,안남로 62,37.4891418,126.7127021
주간보호시설,해늘주간보호센터,부평구,화랑북로 35-4,37.49639,126.7070351
주간보호시설,혜인주간보호센터,부평구,"마장로 24, 3층",37.4810139,126.709864
주간보호시설,아카펠라주간보호센터,부평구,평천로 319-5 대진빌딩2층,37.5180354,126.725619
주간보호시설,부평장애인종합복지관 주간보호센터,부평구,일신로 25,37.4828322,126.7462215
주간보호시설,성동주간보호센터,부평구,경인로880,37.5147818,126.9021577
주간보호시설,노틀담성인주간보호,계양구,계양산로35번길,37.5460996,126.7167031
주간보호시설,노틀담주간보호시설,계양구,계양산로35번길,37.5460996,126.7167031
주간보호시설,해도두리주간보호센터,계양구,장제로 708번길 4층 401호,37.5310117,126.7342544
주간보호시설,사랑터장애인주간보호센터,계양구,장제로 708번길 5층 509호,37.5310117,126.7342544
주간보호시설,예원주간보호센터,계양구,"효서로92, 1층",37.5276806,126.7058927
주간보호시설,더행복한장애인주간보호센터,계양구,"아나지로 198번길 10, 302호",37.5245104,126.713391
주간보호시설,서구장애인주간보호센터,서구,드림로 284-8,37.582945,126.6709103
주간보호시설,태화인천장애인주간보호센터,서구,심곡로 124번길 10,37.5440805,126.6828051
주간보호시설,느티나무주간보호센터,서구,심곡로 100번길 8-11,37.5411246,126.6824577
주간보호시설,해피로드주간보호센터,서구,"가정로125번길 12, 2층",37.4959725,126.6703127
주간보호시설,구립 서로이음장애인주간보호센터,서구,"완정로 153, 4층",37.6014358,126.6587596
지역사회재활시설,송암점자도서관,미추홀구,한나루로357번길 105-19,37.4381716,126.6560419
지역사회재활시설,장애인생활이동지원센터,남동구,석산로 78(간석동),37.4599981,126.7004897
지역사회재활시설,인천수어통역센터,남동구,"용천로 208, 610호",37.4683742,126.7140594
의료재활시설,인천재활의원,미추홀구,인주대로 290 (주안동),37.4518481,126.6685283
의료재활시설,경인권역재활병원,연수구,원인재로 263(연수동),37.4184536,126.6895849
노인복지관,강화군노인복지관,강화군,강화읍 중앙로 17-16,37.7412291,126.4903433
노인복지관,강화군노인문화센터,강화군,길상면 마니산로 36,37.6431504,126.4873995
노인복지관,중구노인복지관,중구,인천 중구 제물량로80번길 3-24,37.4678338,126.6338794
노인복지관,동구노인복지관,동구,샛골로 177(송림동),37.4783246,126.6446762
노인복지관,동구노인문화센터,동구,솔빛로13(송현동),37.4768531,126.6349575
노인복지관,미추홀노인복지관,미추홀구,학익소로37번길 17(주안동),37.4450125,126.6712209
노인복지관,용현노인문화센터,미추홀구,인하로77번길 38(용현동),37.4527293,126.6578855
노인복지관,주안노인문화센터,미추홀구,석정로 464(주안동),37.4657671,126.6871917
노인복지관,관교노인복지관,미추홀구,경원대로628번길 30(관교동),37.439285,126.6960561
노인복지관,연수구노인복지관,연수구,함박뫼로 194,37.4203416,126.6857774
노인복지관,청학노인복지관,연수구,청학로12번길 53,37.4276669,126.6659088
노인복지관,송도노인복지관,연수구,송도교육로 61,37.3714115,126.6599392
노인복지관,남동구노인복지관,남동구,소래로 610,37.3907452,126.7475756
노인복지관,만수노인문화센터,남동구,만경로12번길 45,37.4566063,126.7284957
노인복지관,부평구노인복지관,부평구,굴포로 114(삼산동),37.5110463,126.7337445
노인복지관,산곡노인문화센터,부평구,안남로253번길 34(산곡동),37.506137,126.7070762
노인복지관,부평남부노인문화센터,부평구,동수로68(부평동),37.4995396,126.7162539
노인복지관,계양구노인복지관,계양구,효서로341번길 11,37.5288449,126.7347335
노인복지관,효성노인문화센터,계양구,봉오대로516,37.5295431,126.7132903
노인복지관,계산노인문화센터,계양구,경명대로980,37.5436027,126.7154153
노인복지관,동양노인문화센터,계양구,동양로74-29,37.5570056,126.7533509
노인복지관,서구노인복지관,서구,서구 신석로 121번길 10,37.5106817,126.6759429
노인복지관,가좌노인문화센터,서구,서구 장고개로 387,37.4955851,126.6912393
노인복지관,연희노인문화센터,서구,서구 승학로 263,37.5462278,126.672121
노인복지관,검단노인복지관,서구,검단로 502번길 15-1,37.6021262,126.661262
노인대학(노인교실),강화군노인대학,강화군,강화읍 중앙로 17-16,37.7412291,126.4903433
노인대학(노인교실),중구지회부설노인대학,중구,인천 중구 제물량로80번길 3-24,37.4678338,126.6338794
노인대학(노인교실),내리교회노인대학,중구,인천 중구 우현로67번길 3-1,37.4737866,126.6287615
노인대학(노인교실),송월교회노인대학,중구,인천 중구 동화마을길 65,37.4775886,126.6221474
노인대학(노인교실),동구지회부설 노인대학,동구,샛골로 177(송림동),37.4783246,126.6446762
노인대학(노인교실),미추홀구노인대학,미추홀구,학익소로37번길 17(주안동),37.4450125,126.6712209
노인대학(노인교실),대한노인회 연수구지회,연수구,함박뫼로 194,37.4203416,126.6857774
노인대학(노인교실),남동구 노인지회부설 노인대학,남동구,문화서로 62번길 13(구월동),37.4509033,126.6972606
노인대학(노인교실),충효노인대학,남동구,만수로 90(만수동),37.4631118,126.7368643
노인대학(노인교실),큰사랑실버라이프,남동구,백범로124번길 162,37.4600252,126.7399896
노인대학(노인교실),벧엘실버대학,남동구,만수서로 37번길 29,37.4614838,126.7293158
노인대학(노인교실),아름다운노인대학,남동구,장승남로 16,37.443177,126.7339852
노인대학(노인교실),논현노인대학,남동구,포구로 70,37.4051213,126.7367559
노인대학(노인교실),인천실버대학,남동구,경신상로 76,37.4443589,126.725007
노인대학(노인교실),대한노인회부평구지회부설 노인대학,부평구,굴포로 114,37.5110463,126.7337445
노인대학(노인교실),부광노인대학,부평구,부평대로 63번길 5,37.4968488,126.7219807
노인대학(노인교실),행복한 실버대학,부평구,송내대로373번길 28,37.5165269,126.7591103
노인대학(노인교실),대한노인회 계양구지회 부설노인대학,계양구,효서로341번길 11,37.5288449,126.7347335
노인대학(노인교실),효성영광노인대학,계양구,봉오대로543번길 4,37.530963,126.7092018
노인대학(노인교실),샛별대학,계양구,안남로490번길 11,37.5271558,126.7122996
노인대학(노인교실),노인행복지원센터,계양구,황어로134번길 28,37.5774819,126.736672
노인대학(노인교실),서구노인대학,서구,신석로121번길 10(석남동),37.5106817,126.6759429
노인대학(노인교실),해바라기노인대학,서구,열우물로 247(가좌동),37.4839229,126.6832278
노인의료복지+주거복지,사할린동포복지회관,연수구,원인재로 263(연수동),37.4184536,126.6895849
노인보호전문기관,인천광역시노인보호전문기관,남동구,용천로 208,37.4683742,126.7140594
학대피해노인전용쉼터,인천광역시학대피해노인전용쉼터,남동구,독곡로 16번길 12-5,37.4369371,126.7462874
노인보호전문기관,인천서부노인보호전문기관,서구,"완정로165번안길12, 2층",37.6004486,126.658731
재가노인복지시설,중구재가노인지원서비스센터,중구,인천 중구 우현로 3(사동),37.4695839,126.6245548
재가노인복지시설,동구재가노인지원서비스센터,동구,샛골로 177,37.4783246,126.6446762
재가노인복지시설,성언의집재가노인지원서비스센터,동구,화도진로 79번길 10,37.478916,126.630253
재가노인복지시설,대한어머니회재가노인지원서비스센터,미추홀구,"독배로 443, 2층 280호(숭의동, 삼화복합빌딩)",37.4644369,126.6587262
재가노인복지시설,인천재가노인지원서비스센터,미추홀구,매소홀로386번길 32(학익동),37.4386453,126.6645597
재가노인복지시설,미추홀재가노인지원서비스센터,미추홀구,염창로 97(주안동),37.465582,126.6849654
재가노인복지시설,연수구재가노인복지센터,연수구,함박뫼로 194,37.4203416,126.6857774
재가노인복지시설,남동재가노인지원서비스센터,남동구,"구월말로 120번길22, 만수빌딩2층",37.4589007,126.7265535
재가노인복지시설,부평재가노인지원서비스센터,부평구,경인로749,37.5147818,126.9021577
재가노인복지시설,계양재가노인지원서비스센터,계양구,아나지로 517 (서운동),37.5264246,126.7498825
재가노인복지시설,구립계산노인복지센터,계양구,계양구 경명대로 980 (계산동),37.5436027,126.7154153
재가노인복지시설,계양푸른빛재가노인지원서비스센터,계양구,"계양구 경명대로 1138, 302호(계산동)",37.5428058,126.7332758
재가노인복지시설,다사랑재가노인지원서비스센터,계양구,"경명대로 1077, 5층(계산동)",37.5436821,126.7266727
재가노인복지시설,태화인천재가노인지원서비스센터,서구,"심곡로124번길 10, 3층 (심곡동)",37.5440805,126.6828051
재가노인복지시설,성광재가노인지원서비스센터,서구,가정로 126번길 23(가좌동),37.4958271,126.6742605
재가노인복지시설,성모재가노인지원서비스센터,서구,"탁옥로 105, 301호 (심곡동, 메인프라자3차)",37.5438828,126.6814901
재가노인복지시설,서구재가노인지원서비스센터,서구,신석로121번길 10 (석남동),37.5106817,126.6759429
재가노인복지시설,강화노인복지센터,강화군,선원면 시리미로225번길 3-27,37.7254411,126.4547137
재가노인복지시설,안젤로재가노인지원서비스센터,강화군,선원면 시리미로42번길 8,37.7250976,126.4740606
재가노인복지시설,옹진재가노인지원서비스센터,옹진군,영흥로 335,37.254029,126.477672
노인주거복지시설,평복영락양로원,연수구,청량로 51(동춘동),37.4135441,126.6598499
노인주거복지시설,소망의집,남동구,논현고잔로88번길 35 (고잔동),37.3907738,126.7146352
노인주거복지시설,협성양로원,부평구,화랑로 65(산곡동),37.4896979,126.7027448
노인주거복지시설,요셉의집,부평구,장제로 372(삼산동),37.5183727,126.733355
노인주거복지시설,예향원,서구,세자봉로76번길 11 (금곡동),37.6098438,126.6516036
노인주거복지시설,평화의 집,강화군,불은면 강화동로 637,37.6926605,126.4763058
노인주거복지시설,형제나사로의 집,강화군,송해면 전망대로 255-12,37.7836151,126.4577022
노인주거복지시설,동성양로원,부평구,일신로18(일신동),37.4833801,126.7452547
노인주거복지시설,나솔채양로원,계양구,솔고개길 19(박촌동),37.5527602,126.7503067
노인주거복지시설,노틀담사랑터,계양구,장제로920번길 27(병방동),37.5469763,126.7440593
노인주거복지시설,마리스텔라,서구,심곡로100번길 31(심곡동),37.5426669,126.685088
노인주거복지시설,청라백세마을,서구,로봇랜드로249번길 14 (경서동),37.5290092,126.6101745
노인주거복지시설,백향그린실버타운,강화군,길상면 길상로304번길 49-20,37.6421668,126.4987649
노인주거복지시설,이레홈타운,강화군,양도면 강화남로 1077-39,37.6918057,126.4149784
노인주거복지시설,푸른마을실비양로원,강화군,강화읍 용정리 865번지 2호,37.7483468,126.5181217
노인주거복지시설,영화복지타운,강화군,불은면 강화동로 262,37.6637858,126.4939194
노인주거복지시설,우주실버타운,옹진군,영흥면 영흥남로 15-20,37.2507478,126.4756781
노인일자리지원기관,중구노인인력개발센터,중구,우현로20번길 43(답동),37.4682402,126.6286719
노인일자리지원기관,동구노인인력개발센터,동구,샛골로 120,37.4730025,126.6442591
노인일자리지원기관,미추홀노인인력개발센터,미추홀구,독정이로87,37.4626282,126.6501637
노인일자리지원기관,미추홀시니어클럽,미추홀구,숙골로43번길14-21,37.4674777,126.6647856
노인일자리지원기관,연수구노인인력개발센터,연수구,동곡재로156,37.4135135,126.6662848
노인일자리지원기관,남동구노인인력개발센터,남동구,소래로 645,37.4302639,126.7357076
노인일자리지원기관,부평구노인인력개발센터,부평구,장제로235,37.506572,126.7308707
노인일자리지원기관,계양구노인인력개발센터,계양구,장제로 799,37.5392916,126.7342156
노인일자리지원기관,계양시니어클럽,계양구,계양산로102번길 5,37.5473552,126.7271556
노인일자리지원기관,서구노인인력개발센터,서구,승학로263,35.1024046,128.9932429
노인일자리지원기관,인천광역시노인인력개발센터,시,석정로 229,37.4655406,126.6619953
노인일자리지원기관,남동구시니어클럽,남동구,문화서로62번길13,37.4509033,126.6972606
성매매피해지원기관,희희낙낙상담소,미추홀구,"경인로336-1,3층(주안동, 청운빌딩)",37.4584303,126.677442
성매매피해지원기관,성매매 피해아동청소년 지원센터 '잇다',미추홀구,"경인로336-1,3층(주안동, 청운빌딩)",37.4584303,126.677442
성매매피해지원기관,달빛공방,미추홀구,"경인로336-1,3층(주안동, 청운빌딩)",37.4584303,126.677442
성폭력피해상담소,인구보건복지협회인천지회부설성폭력상담소,남동구,남동구 용천로 142,37.4622892,126.7148226
성폭력피해상담소,인천지적발달장애인복지협회장애인성폭력상담소,남동구,"남동구 용천로 208, 사회복지회관 707호",37.4682921,126.7143869
성폭력피해상담소,오내친구장애인성폭력상담소,부평구,"부평대로 137-10, 107/101",37.5037915,126.7208127
폭력피해이주여성상담소,살러온,남동구,남동구 예술로 352번길8,37.4655088,126.7031736
가정폭력상담소,중구가정폭력상담소,중구,중구 우현로39번길2,37.4709424,126.6278437
가정폭력상담소,내일을여는집 가족상담소,계양구,계양산로102번길5,37.5473552,126.7271556
가정폭력상담소,(사)인천시여성단체협의회부설 가정.성폭력통합상담소,미추홀구,경인로 345(주안동),37.4589142,126.678541
가정폭력상담소,인천가정상담센터부설가정폭력상담소,미추홀구,"학익소로 29, 508호(학익동, 석목법조타운)",37.4449053,126.6700308
가정폭력상담소,미추홀구가정폭력상담소,미추홀구,인하로 314(주안동),37.4476679,126.6829812
가정폭력상담소,가족사랑상담소,미추홀구,매소홀로 586(문학동),37.4374498,126.6831618
가정폭력상담소,서인천가족상담소,서구,경명대로676,37.5517671,126.6835314
가정폭력상담소,인천송도가족상담소,연수구,"샘말로 15-2, 2층(연수동)",37.4124579,126.6781083
여성긴급전화1366센터,여성긴급전화1366인천센터,부평구,"부평구 백범로577번길 20, 503호",37.474189,126.6885712
가정폭력상담소,인천동구가정폭력상담소,동구,동구 화평로 2,37.4774758,126.6307468
가정폭력상담소,부평구가족심리상담센터,부평구,부평구 부평대로167번길 54,37.5064781,126.7177443
아동양육시설,계명원,강화군,강화남로 518번길 6-41,37.6558393,126.4403251
아동양육시설,디차힐,중구,마장포로 29번길4,37.5085405,126.5499086
아동양육시설,보라매보육원,동구,화도진로 126,37.4822948,126.627862
아동양육시설,인천보육원,미추홀구,매소홀로 446번길 50,37.4377869,126.6716289
아동양육시설,향진원,미추홀구,석정로 329번길 32,37.4691123,126.6713691
아동양육시설,해성보육원,미추홀구,인하로 91번길 15,37.4519125,126.659371
아동양육시설,신명보육원,부평구,경인로 749,37.5147818,126.9021577
아동양육시설,파인트리홈,부평구,일신로 29,37.2131772,127.5423188
아동양육시설,해피홈보육원,부평구,경인로 898,37.5147818,126.9021577
아동일시보호시설,인천보라매아동센터,중구,백운로 528번길 57,37.5194658,126.5036162
공동생활가정,너랑나랑의집,중구,참외전로 84(전동),37.4771704,126.6261108
공동생활가정,세리아,중구,영종순환로169번길 64-1(중산동),37.5133219,126.5573173
공동생활가정,미추홀구신나는,미추홀구,학익소로61번길132 (학익동),37.4419417,126.6772257
공동생활가정,스위트홈,미추홀구,인주대로 326-1(주안동),37.4514587,126.6727263
공동생활가정,다올의집,미추홀구,인주대로35번길 12-16(숭의동),37.4599365,126.6427882
공동생활가정,남동아동,남동구,독곡로16번길 22-7(서창동),37.4369983,126.7457571
공동생활가정,희망아동,남동구,석산로240번길 12,37.4601629,126.7184691
공동생활가정,시정의집,부평구,마장로269번길 91-61(산곡동),37.5023686,126.6974842
공동생활가정,엘피스,부평구,부흥로386번길 35(부개동),37.4961988,126.7350423
공동생활가정,행복한집,서구,완정로 208(금곡동),37.6043617,126.654198
공동생활가정,꿈이있는집,서구,검단로622번길(마전동),37.6055206,126.6670439
공동생활가정,SY엔터테인먼트,서구,완정로34번길 47(마전동),37.5985188,126.6742827
공동생활가정,예람공동생활가정,서구,"고산후로161번길 28, 2층(원당동)",37.5992414,126.6972672
공동생활가정,아너클래스,서구,완정로34번길 47(마전동),37.5985188,126.6742827
공동생활가정,프렌즈,서구,서곳로 818(당하동),37.5841699,126.6798459
공동생활가정,해피드림,연수구,청룡로42번길 24(옥련동),37.4233101,126.6562058
공동생활가정,계양아동청소년그룹홈,계양구,아나지로 199번길(효성동),37.5261064,126.7145493
공동생활가정,온유,서구,서구 서곶로 12(가정동),37.5306495,126.6807287
가정위탁지원센터,인천가정위탁지원센터,부평구,"부흥로294번길 4, 8층(부평동)",37.4981906,126.7242882
자립지원전담기관,인천광역시자립지원전담기관,남동구,"용천로 208, 601호",37.4683742,126.7140594
아동상담소,솔샘나우리아동복지종합센터,미추홀구,인하로 91번길 15,37.4519125,126.659371
아동상담소,푸른마을아동복지종합센터,미추홀구,매소홀로 446번길 50,37.4377869,126.6716289
아동상담소,누리마루아동복지종합센터,미추홀구,석정로 329번길 32,37.4691123,126.6713691
아동상담소,남동구아동복지종합센터,남동구,"용천로 208,2층",37.4683742,126.7140594
지역아동센터,구립 연안,중구,"축항대로86번길 38, 3층(항동7가)",37.4536963,126.6046089
지역아동센터,구립 월디,중구,"참외전로72번길 25, 3층(전동)",37.4770729,126.6289759
지역아동센터,그루터기,중구,"참외전로 24, 1·2층(송월동1가)",37.4800222,126.6233565
지역아동센터,금창,동구,금곡로 44(금창동),37.4733546,126.6405198
지역아동센터,모리아,동구,"화수로3-7, 2층(송현동)",37.4799232,126.6361432
지역아동센터,민들레공부방,동구,"화수로38, 7-105(송현동, 동부아파트)",37.4822668,126.6353459
지역아동센터,솔숲,동구,인중로 650(송림동),37.4806743,126.6439979
지역아동센터,송현샘,동구,"송림로 112-1, 3층(송림동)",37.4763273,126.64723
지역아동센터,푸른나무교실,동구,"솔빛로 91번길 7, 2층(송림동)",37.4764864,126.6433952
지역아동센터,해와달,동구,"화수로 67-1, 2층(화수동)",37.4842852,126.6312315
지역아동센터,꿈과씨앗,미추홀구,인하로 298번길 9(주안동),37.4475118,126.6814761
지역아동센터,꿈나무,미추홀구,경인로 252번길 12(도화동),37.4627992,126.6694352
지역아동센터,함께걷기꿈동산,미추홀구,독배로 382번길 10(용현동),37.453665,126.6491278
지역아동센터,꿈이있는,미추홀구,용오로 84(용현동),37.4530961,126.6437538
지역아동센터,남구,미추홀구,주안중로38번길 13(주안동),37.461838,126.6836287
지역아동센터,다솜,미추홀구,인하로 430번길 30(관교동),37.4445022,126.693659
지역아동센터,드림,미추홀구,미추홀대로 633(주안동),37.4538753,126.6796287
지역아동센터,또래모아,미추홀구,연송로 50(도화동),37.477612,126.6558919
지역아동센터,반디,미추홀구,"인하로 370, 3층(주안동)",37.448021,126.6894834
지역아동센터,숭의,미추홀구,경인로42번길 14(숭의동),37.4633751,126.6479544
지역아동센터,예향꿈터,미추홀구,소성로 99(학익동),37.4447411,126.6603135
지역아동센터,옹기종기,미추홀구,동주길135번길 8(주안동),37.4574243,126.6846125
지역아동센터,행복한꿈나무,미추홀구,한나루로526번길 78(주안동),37.4529615,126.6729781
지역아동센터,희망남구,미추홀구,숙골로38번길 1(도화동),37.4664987,126.6671845
지역아동센터,가온누리,연수구,새말로 146(연수동 578-3),37.416625,126.68475
지역아동센터,꿈쟁이,연수구,"함박로 4번길 4, 3층 302호(연수동 491)",37.4248143,126.6788292
지역아동센터,늘푸른,연수구,"계림로 112번길 25, 2층(청학동 552-4)",37.4265934,126.6693579
지역아동센터,렘넌트,연수구,샘말로 95-6(연수동 614-7),37.4153845,126.6808814
지역아동센터,새생명,연수구,"먼우금로 282, 302호(연수동 576)",37.4205842,126.6819512
지역아동센터,선학동,연수구,"선학로 37, 202호, 205호(선학동 340)",37.421874,126.6992989
지역아동센터,솔로몬,연수구,넘말로55번길 19(선학동 391-3),37.4297405,126.6961632
지역아동센터,쉐마,연수구,경원대로 467번길 26-5 선학동 403-17),37.4264595,126.6973671
지역아동센터,위즈키즈,연수구,"먼우금로 302, 101-102(연수동 534)",37.422818,126.6843271
지역아동센터,참조은아이,연수구,"새말로 47, 2층(연수동 551-8) ",37.4213115,126.6761538
지역아동센터,청담,연수구,"용담로 54, 2층(청학동 469-1)",37.4189918,126.6732209
지역아동센터,청어람,연수구,독배로 82번길 47(옥련동 159-1),37.4276049,126.6480812
지역아동센터,청학동,연수구,솔샘로 73(청학동 566-18),37.4248567,126.6645201
지역아동센터,연수,연수구,"한나루로158번길 5, 403호",37.4236027,126.6552201
지역아동센터,MS,남동구,"석산로 35, 2층 210호 (간석동, 간석마을풍림아이원아파트 상가)",37.4624848,126.6972906
지역아동센터,가온,남동구,구월남로 68 (구월동),37.4535298,126.6968554
지역아동센터,간석,남동구,용천로168번길 5 (간석동),37.4646292,126.7147033
지역아동센터,희망온새미로,남동구,"석산로208번길27-9, 2층(구월동)",37.4596056,126.7157778
지역아동센터,간석으라차차,남동구,"문화로169번길 92, 2층(간석동)",37.4557208,126.695276
지역아동센터,고려대,남동구,"구월로 343, 2층 (만수동)",37.4554542,126.7289018
지역아동센터,광성,남동구,구월말로27번길 1 (구월동),37.4512499,126.7244183
지역아동센터,남동구 구립,남동구,모래내로 14-5 (구월동),37.4531955,126.7234956
지역아동센터,구월,남동구,"용천로 20, 3층 (구월동)",37.4513286,126.7144447
지역아동센터,구월3,남동구,"문화서로23번길 13, 4층 (구월동)",37.4475208,126.6953707
지역아동센터,꿈나무,남동구,"남촌로 120, 2층 (남촌동)",37.4312995,126.7126008
지역아동센터,나래,남동구,"백범로247번길 54, 2층 (구월동)",37.4581257,126.721534
지역아동센터,남동,남동구,"석산로 194, 2층 (간석동)",37.4605856,126.7135772
지역아동센터,남촌,남동구,"남촌로93번길 34, 3층 (남촌동)",37.4279421,126.7141575
지역아동센터,논현,남동구,앵고개로 938 (논현동),37.4022192,126.7349016
지역아동센터,드림애,남동구,"만경로 31-1, 3층 (만수동)",37.458389,126.7272662
지역아동센터,등대마을,남동구,"청능대로715번길 22, 2층 (논현동, 논현주공14단지 관리동)",37.4090223,126.73668
지역아동센터,만수사랑,남동구,"만수서로 97-17, 2층 (만수동)",37.4622088,126.7372606
지역아동센터,만수행복,남동구,"인수북로4번길 20, 1층 (만수동)",37.4537323,126.7371912
지역아동센터,베스트,남동구,"구월말로27번길 90, 2층 (구월동)",37.4517258,126.7195136
지역아동센터,산돌,남동구,"백범로 67, 4층 (만수동)",37.4515794,126.7380421
지역아동센터,선향,남동구,"복개동로38번길 21, 2층 (만수동)",37.451391,126.7275322
지역아동센터,아이사랑,남동구,"용천로 91, 2층 (구월동)",37.4577937,126.7145462
지역아동센터,아이원,남동구,"주안로259번길 23, 1층(간석동)",37.4643789,126.6987358
지역아동센터,엘림,남동구,"인주대로850번길 31-3, 3층",37.4475566,126.7325897
지역아동센터,영문,남동구,"하촌서로47, 2층(만수동)",37.452898,126.7297481
지역아동센터,예꿈마을,남동구,"담방서로17번길 21, 201호 (만수동, 이삭아파트 상가)",37.4462976,126.7368033
지역아동센터,예사랑,남동구,"앵고개로815번길22, 1층(논현동,소래휴먼시아3단지아파트 관리사무소동)",37.3969122,126.7247212
지역아동센터,온새미로,남동구,"남동구 백범로 226번길 35, 2층 (만수동)",37.4619682,126.7246197
지역아동센터,우리동네지역아동센터,남동구,"석정로461번길 10, 103호 (간석동,상가)",37.4667848,126.6870736
지역아동센터,웃음꽃,남동구,"남동대로726번길 15-20, 3층 (구월동)",37.4479626,126.7085484
지역아동센터,장미원,남동구,인수로32번길 22-2 (만수동),37.455452,126.7379713
지역아동센터,충헌,남동구,"서창남로2, 2층(서창12단지LH아파트내 주민복지동)",37.4188554,126.7531391
지역아동센터,큰사랑행복한홈스쿨,남동구,"백범로124번길 162, 3층 (만수동)",37.4600252,126.7399896
지역아동센터,하늘둥지,남동구,"청능대로715번길 59 (논현동, 주공아파트 주민복지관)",37.4087157,126.7344593
지역아동센터,하늘마을,남동구,"논현로 45, 2층 (논현동, 논현휴먼시아 하늘마을)",37.403163,126.713178
지역아동센터,한빛,남동구,"구월로137번길 40, 3층 (간석동)",37.4587202,126.7056813
지역아동센터,해피아이,남동구,만수서로37번길 32 (만수동),37.4616872,126.7289226
지역아동센터,행복한,남동구,남동대로898번길 25 (간석동),37.4627313,126.7097965
지역아동센터,희망,남동구,"소래로 669번길 30, 302호(만수동)",37.45011,126.7326876
지역아동센터,서창,남동구,"매소홀로1108, 202호 (서창동)",37.4381678,126.7457218
지역아동센터,갈산동도토리학교,부평구,평천로 355(갈산동),37.5126605,126.7227438
지역아동센터,경인비젼스쿨,부평구,마장로 14(십정동),37.4836162,126.6963701
지역아동센터,고토,부평구,"부흥로 380, 2층 (부개동)",37.4976217,126.7340491
지역아동센터,누리,부평구,"마장로450번길 18, 4층(청천동)",37.5181491,126.7054468
지역아동센터,다드림,부평구,항동로45번길 8(일신동),37.4823183,126.7387589
지역아동센터,함께걷기다정,부평구,"화랑남로5번길 20, 2층 (산곡동)",37.4932932,126.7049982
지역아동센터,인천행복한동암,부평구,백범로406번길 64(십정동),37.4703384,126.7067901
지역아동센터,무지개,부평구,"부평문화로127, 4층 (부평동)",37.4941921,126.7306668
지역아동센터,인천행복한돌봄 믿음,부평구,남부역로5번길 38(부평동),37.4870986,126.7202893
지역아동센터,함께걷기보아스,부평구,"마장로72번길 8, 2층 (십정동)",37.4854815,126.7085557
지역아동센터,너른들부평,부평구,"장제로159번길34, 2층(부평동)",37.4999576,126.7285792
지역아동센터,사랑의,부평구,"안남로 260, 2층 (산곡동, 현대5차아파트)",37.506332,126.70905
지역아동센터,산곡,부평구,"원적로298, 4층(산곡동)",37.5043877,126.699343
지역아동센터,삼산해오름 공부방,부평구,"영성서로 2, 2층 (삼산동)",37.5182539,126.7428073
지역아동센터,새빛행복한홈스쿨,부평구,"주부토로 146, 3층 (갈산동)",37.508308,126.7261291
지역아동센터,생명,부평구,"부흥북로58번길 16, 2층 (부평동)",37.5004409,126.7283607
지역아동센터,생명샘,부평구,"수변로10번길 5, 3층",37.4875551,126.7399151
지역아동센터,서로사랑,부평구,"주부토로219번길 36, 2층 (갈산동, 정광상가)",37.5156218,126.7241863
지역아동센터,함께걷기소망,부평구,"마장로349번길 9, 2층 (산곡동)",37.5091573,126.7030151
지역아동센터,십정동,부평구,"배곶로 71, 2층 (십정동)",37.4743567,126.6956268
지역아동센터,에덴마을,부평구,일신로40번길 21-2(일신동),37.4814099,126.744495
지역아동센터,엘림,부평구,"경원대로1130번길 29, 3층 (십정동)",37.4807124,126.7006881
지역아동센터,나라찬예꿈,부평구,마장로 13번길 9 (십정동),37.479846,126.7096477
지역아동센터,오순도순공부방,부평구,"마장로364번길 7-1, 3층(청천동)",37.5106219,126.7042156
지역아동센터,카리타스(구 갈산복지관),부평구,"주부토로 206, 2층(갈산동, 갈산종합사회복지관)",37.5130902,126.7276899
지역아동센터,인천부평사랑회,부평구,"항동로 27, 3층 (부개동)",37.4828095,126.7366741
지역아동센터,제일,부평구,부평문화로197번길 40 (부개동),37.4946079,126.7394705
지역아동센터,함께걷기참사랑,부평구,길주로354번길 24 (산곡동),37.5074541,126.7008264
지역아동센터,함께걷기큰사랑,부평구,"청중로 81, 201호 (청천동)",37.517656,126.7067418
지역아동센터,나라찬한사랑,부평구,"길주남로 78, 2층 (부평동)",37.5041383,126.7301865
지역아동센터,나라찬한우리,부평구,"영성로 38, 2층 (삼산동)",37.5196859,126.7435346
지역아동센터,해님,부평구,"백범로 482, 2층 (십정동)",37.4694252,126.6981491
지역아동센터,햇살 공부방,부평구,"산청로 17번길 37, 3층 (산곡동)",37.5106489,126.6991183
지역아동센터,인천행복한돌봄계양,계양구,"봉오대로 698번길 11, 2~3층 (작전1동 870-62)",37.5288363,126.7264416
지역아동센터,함께걷기키파,계양구,"계양대로 189, 2층 (계산1동 942-36)",37.5408119,126.722283
지역아동센터,계양 푸른솔,계양구,"아나지로 517, 2층 (작전서운동 130-6)",37.5264246,126.7498825
지역아동센터,함께걷기 로뎀나무,계양구,"경명대로 1029번길 22-18, 2층 (계산2동 931-3)",37.5454828,126.7221013
지역아동센터,새벽,계양구,"주부토로 501번길 31, 3층 (계산1동 959-17)",37.5403043,126.7252888
지역아동센터,새봄,계양구,"계수로 6-1, 2층 (계산2동 925-20, 복된교회)",37.545984,126.7257012
지역아동센터,선민아이들세상,계양구,"아나지로 144, 2층 (효성동 404-17)",37.5251409,126.7076496
지역아동센터,신나는 교실,계양구,"효서로 135번길 11, 2층 (효성2동 232-39)",37.5288476,126.7104266
지역아동센터,씨앗,계양구,"새벌로 120, 208호 (효성2동 196-6)",37.5276875,126.7171489
지역아동센터,행복한돌봄예원,계양구,계양대로 120번길 25-17 (작전2동 856-54),37.5354839,126.7249799
지역아동센터,우리두리,계양구,"효서로 93, 2층 (효성1동 189-2)",37.5279561,126.7062949
지역아동센터,함께걷기이지,계양구,"새벌로 164, 2층 (작전2동 767-2)",37.5280247,126.716928
지역아동센터,인천행복한돌봄임학,계양구,"병방시장로32-1, 2층/301,302호 (임학동246)",37.5478739,126.7352695
지역아동센터,작전행복한홈스쿨,계양구,"주부토로 368, 1층 (작전동 177번지)",37.5271869,126.7301728
지역아동센터,청운,계양구,"안남로 573번길 26, 401~404호 (효성1동 33-2)",37.5360656,126.7084619
지역아동센터,하늘씨앗,계양구,"주부토로 426, 3층 (작전1동 253-3)",37.5321537,126.728044
지역아동센터,해인,계양구,"경명대로 1045번길 21-5, 3층 (계산2동 931-20)",37.5455076,126.7226786
지역아동센터,행복나눔,계양구,동양로 74-33 (동양동 387-7),37.5569823,126.7531529
지역아동센터,효성,계양구,"효서로 208, 2층 (효성2동 195-8)",37.5278076,126.7190056
지역아동센터,효성사랑,계양구,"안남로 573번길 16, 2층 (효성1동 99-11 뉴서울1차A상가)",37.5361014,126.7094402
지역아동센터,효성중앙,계양구,"새풀로 7번길 37, 2층 (효성2동 602-1)",37.5242727,126.6958095
지역아동센터,샛별,계양구,"장제로 946번길 16-2, 2층 (병방동92-27)",37.5492044,126.7437302
지역아동센터,해솔,계양구,봉오대로531번길6-9,37.5316629,126.7080145
지역아동센터,BTC,서구,"심곡로 193-14, 3층 (연희동)",37.5503532,126.6805525
지역아동센터,가좌,서구,"여우재로 99, 2층 (가좌동)",37.4869794,126.6872161
지역아동센터,검단,서구,서구 검단로 501번길69,37.6071041,126.6605265
지역아동센터,서곶,서구,"승학로287번길 27, 2층 (연희동)",37.5475056,126.6713144
지역아동센터,꿈나무,서구,"가석로156번길 14, 3층 (가좌동)",37.497573,126.6764032
지역아동센터,꿈이자라는,서구,"건지로318번안길 17, 2층 및 3층 일부 302호(가좌동)",37.4962697,126.6790788
지역아동센터,내일을여는 교실,서구,"율도로 109, 202호 (가정동,진흥아파트) ",37.5136042,126.6744431
지역아동센터,늘푸른,서구,"가정로126번길 29, 3층(가좌동)",37.4958258,126.6748706
지역아동센터,백합,서구,"장고개로287번길 6-2, 2층 (가좌동)",37.4899031,126.683159
지역아동센터,새벽공부방,서구,"장고개로 264, 3층 (가좌동)",37.4878784,126.6814365
지역아동센터,새일꾼,서구,"승학로382번길 6, 2층(검암동)",37.5559452,126.6739881
지역아동센터,샘물,서구,"용두산로 9, 2층(심곡동) ",37.5452952,126.6715945
지역아동센터,서로사랑하는,서구,"완정로 10번길 8, 3층 (마전동)",37.5949949,126.6732082
지역아동센터,석남,서구,"서달로137번길 13, 2층 (석남동)",37.5105729,126.6770477
지역아동센터,성문,서구,서달로 126,37.5096341,126.6790761
지역아동센터,신현신나는,서구,"염곡로383번길 24, 201호&301호(신현동) ",37.5191115,126.6662288
지역아동센터,심곡,서구,"승학로 278, 3층 (심곡동)",35.1022191,128.9947392
지역아동센터,어깨동무신나는집,서구,율도로50번길 8-1 (석남동),37.5129179,126.667523
지역아동센터,연희,서구,"심곡로 17, 2층 (심곡동)",37.4495825,127.103336
지역아동센터,오트,서구,"서달로123번길 14, 3층(석남동)",37.5098362,126.6771782
지역아동센터,옹기종기,서구,간촌로31번길 16 (연희동),37.5504693,126.680925
지역아동센터,은가비,서구,건지로284번길 3-4 (가좌동),37.4988223,126.6741172
지역아동센터,진주,서구,신진말로33번길 8-15 (가좌동),37.4942141,126.6802595
지역아동센터,푸른꿈,서구,검단로435번길 9-1(왕길동),37.6011156,126.6521795
지역아동센터,푸른솔생활학교,서구,"가정로138번길 14, 2층 (가좌동)",37.4968759,126.673308
지역아동센터,위누리,서구,길주로142번길24-1,37.5039543,126.6773873
지역아동센터,해바라기,서구,"열우물로 247, 5층(가좌동)",37.4839229,126.6832278
지역아동센터,행복한,서구,"염곡로 307-1, 2층 (석남동)",37.512165,126.668371
지역아동센터,행복한동산,서구,"완정로178번길52, 1층",37.6061578,126.6600875
지역아동센터,호산나,서구,"원적로120, 403호(가좌동)",37.4965223,126.684506
지역아동센터,그레이스힐,서구,"검단로 623번길 17, 2층(마전동)",37.610077,126.6687732
지역아동센터,신나는,강화군,강화읍 신문길 44번길 8-4(신문리),37.746003,126.4824553
지역아동센터,고인돌,강화군,하점면 강화대로 1089(부근리),37.773519,126.4246955
지역아동센터,더불어,강화군,"강화읍 강화대로238, 2층(갑곳리)",37.7416608,126.5028107
지역아동센터,밝은햇살,강화군,강화읍 북문길 6(관청리),37.7483553,126.4840476
지역아동센터,비전,강화군,길상면 길상로 306(온수리),37.6394412,126.4938716
지역아동센터,열매,강화군,강화읍 갑룡길 76-17(갑곳리),37.7440203,126.5014062
지역아동센터,아름다운,강화군,강화읍 동문로 141번길 17-7(옥림리),37.7564465,126.4952769
지역아동센터,제자,강화군,강화읍 갑룡길 84(갑곳리),37.7442078,126.5014758
지역아동센터,화도마리,강화군,화도면 가능포로 37-12(상방리),37.636506,126.4180106
지역아동센터,희망터,강화군,길상면 온수길38번길 14(온수리),37.6411794,126.4901979
지역아동센터,강화,강화군,"강화읍 갑룡길117번길28-3, 나동 102호(용정리, 동경빌라)",37.7481407,126.5043041
지역아동센터,영흥,옹진군,영흥면 영흥서로 220,37.2739226,126.4786149
다함께돌봄센터,강화군 다함께돌봄센터,강화군,"강화군 강화읍 갑룡길 59, 3층",37.7441328,126.498793
다함께돌봄센터,옹진군 다함께돌봄센터 1호점,옹진군,영흥면 영흥북로 228 1층,37.2711097,126.4933975
다함께돌봄센터,동구 다함께돌봄센터 1호점,동구,동구 새천년로38번길11 동산휴먼시아2단지 내 주민공동시설 2층,37.4732374,126.6504601
다함께돌봄센터,동구 다함께돌봄센터 2호점,동구,"동구 송미로 6, (송림풍림아이원아파트 관리사무소 옆) ",37.481015,126.6496935
다함께돌봄센터,미추홀구 다함께돌봄센터 1호점,미추홀구,미추홀구 구월로 24풍성교회 1층,37.4570973,126.6927578
다함께돌봄센터,미추홀구 다함께돌봄센터 2호점,미추홀구,"미추홀구 매소홀로418번길 14-57(인천종합사회복지관), 2층",37.4386403,126.6666044
다함께돌봄센터,미추홀구 다함께돌봄센터 3호점,미추홀구,미추홀구 경인로34번길 20(숭의2동 행정복지센터) 2층,37.4630013,126.6472531
다함께돌봄센터,미추홀구 다함께돌봄센터 4호점,미추홀구,"미추홀구 문학길 136(문학길),성해재단 D동 1층",37.4344735,126.6851486
다함께돌봄센터,미추홀구 다함께돌봄센터 5호점,미추홀구,미추홀구 석정로461번길 21(주안5동 행정복지센터) 2층,37.4674708,126.686762
다함께돌봄센터,청학동 다함께돌봄센터,연수구,연수구 청학로 6번길 59,37.4270347,126.666867
다함께돌봄센터,럭키송도 다함께돌봄센터,연수구,연수구 능허대로79번길 30,37.4244843,126.6427597
다함께돌봄센터,연수2동 다함께돌봄센터,연수구,"연수구 원인재로 158, 3층",37.4116961,126.6817871
다함께돌봄센터,연수1동 다함께돌봄센터,연수구,"연수구 함박안로62번길 41, 2층",37.4262239,126.6811682
다함께돌봄센터,남동구 다함께돌봄센터 1호점(서창2 아이함께자람터),남동구,남동구 서창남로2 서창LH12단지(커뮤니티센터 1층),37.4188554,126.7531391
다함께돌봄센터,남동구 다함께돌봄센터 2호점(서창 더포레스트 아이함께자람터),남동구,"남동구 서창남순환로 140(서창 더포레스트 공공아파트, 주민복지관4)",37.4278138,126.743699
다함께돌봄센터,남동구 다함께돌봄센터 3호점(서창 청광플러스원 아이함께자람터),남동구,"남동구 서창남순환로 82(서창 청광플러스원아파트, 주민공동시설 2층)",37.4306081,126.7485125
다함께돌봄센터,남동구 다함께돌봄센터 4호점(논현 에코메트로11단지 아이함께자람터),남동구,"남동구 논고개로 17(한화에코메트로 11단지아파트, (구)문화센터)",37.3935516,126.730193
다함께돌봄센터,남동구 다함께돌봄센터 5호점(논현 논현주공13단지 아이함께자람터),남동구,남동구 포구로 98(휴먼시아 13단지 푸르내마을 아파트 관리사무소 옆),37.4070312,126.7350703
다함께돌봄센터,남동구 다함께돌봄센터 6호점(남촌어울림 아이함께자람터),남동구,남동구 남촌동로26번길 20(남촌동 남촌 커뮤니티센터 2층),37.4329351,126.7160293
다함께돌봄센터,남동구 다함께돌봄센터 7호점(구월힐캐슬 아이함께자람터),남동구,남동구 구월로 192(구월힐스테이트&롯데캐슬골드1단지),37.4549421,126.7143
다함께돌봄센터,부평구다함께돌봄센터 부평꿈자람터,부평구,"부평구 부영로 161, 3층",37.499473,126.715814
다함께돌봄센터,부평구다함께돌봄센터 꿈이룸,부평구,"부평구 산청로 112-3, 2층",37.5189755,126.7025317
다함께돌봄센터,계양구 다함께돌봄센터,계양구,"계양구 양지로 138, 4층",37.5673142,126.7486224
다함께돌봄센터,계양구 다함께돌봄센터2호점,계양구,"계양구 장기서로 8, 계양1동 행정복지센터 2층",37.5767904,126.7341471
다함께돌봄센터,서구 다함께돌봄센터 1호점,서구,서구 봉오재3로 14(LH3단지 주민공동시설 내 1층),37.5313913,126.6645395
다함께돌봄센터,서구 다함께돌봄센터 2호점,서구,서구 봉오재1로 49(루원시티 루에블리 주민공동시설 내 2층),37.5230351,126.6680091
다함께돌봄센터,서구 다함께돌봄센터 3호점,서구,서구 청마로167번길 19(당하동행정복지센터 2층),37.592061,126.6745952
다함께돌봄센터,서구 다함께돌봄센터 4호점,서구,서구 비즈니스로 166(청라센텀대광로제비앙아파트 주민공동시설 B1층),37.5380915,126.6231818
다함께돌봄센터,서구 다함께돌봄센터 5호점,서구,서구 가현로41 (대원레스피아1차아파트 204동 1층),37.6133869,126.658951
다함께돌봄센터,서구 다함께돌봄센터 6호점,서구,서구 청라라임로 85(청라린스트라우스 아파트 102동 주민공동시설 2층),37.534924,126.6515736
다함께돌봄센터,서구 다함께돌봄센터 7호점,서구,서구 이음3로 220(검단LH20단지 주민공동시설 1층),37.588516,126.7172039
아동보호전문기관,인천광역시아동보호전문기관,미추홀구,경원대로 899(주안동),37.4630664,126.6894596
아동보호전문기관,인천북부아동보호전문기관,계양구,"경명대로 1074, 504호(계산동, 삼환빌딩)",37.5431149,126.7260223
아동보호전문기관,인천남부아동보호전문기관,남동구,"남동대로 904, 4층",37.4630832,126.7085489
아동보호전문기관,인천서부아동보호전문기관,서구,"서구 완정로 153, 10층 1001호(왕길동, 이레메디칼센타)",37.6014358,126.6587596
아동보호전문기관,인천중부아동보호전문기관,동구,송화로52번길 14-3,37.4806818,126.6342065
청소년복지시설,청소년일시이동형쉼터,남동구,경인로728번길 1 2층,37.4747026,126.7095683
청소년복지시설,청소년일시쉼터 한울타리,부평구,경인로 1059번길 10,37.4873064,126.7379327
청소년복지시설,청소년일시쉼터 꿈꾸는별,계양구,양지로 153,37.4180346,126.8814854
청소년복지시설,청소년단기쉼터 하모니(여),남동구,인주대로 801,37.4489887,126.7263545
청소년복지시설,청소년단기쉼터 하늘목장(여),부평구,수변로 45-2,37.4906852,126.7401452
청소년복지시설,청소년단기쉼터 바다의별(남),미추홀구,남주길 125번길 5,37.4541787,126.6762242
청소년복지시설,청소년단기쉼터 우리들(남),부평구,아트센터로60번길 4,37.4730725,126.7035509
청소년복지시설,청소년중장기쉼터 예꿈(여),남동구,백범로 157번길 34-15 3층,37.4556455,126.7290454
청소년복지시설,청소년중장기쉼터 별마루(남),연수구,원인재로 156,37.4116849,126.6815634
청소년복지시설,남자청소년 자립지원관 별바라기,부평구,마장로 367번길 40,37.5114308,126.7024986
다문화가족지원센터,부평구 다문화가족지원센터,부평구,열우물로 103(십정동),37.475782,126.6961284
가족센터,강화군 가족센터,강화군,강화읍북문길11-1,37.7490895,126.4837531
가족센터,옹진군 가족센터,옹진군,옹진군 영흥면 영흥북로 228,37.2711097,126.4933975
가족센터,중구 가족센터,중구,답동로23(경동),37.4711642,126.6311042
가족센터,동구 가족센터,동구,"인천 동구 솔빛로 22번길 2, 4층",37.4770272,126.6388384
가족센터,미추홀구 가족센터,미추홀구,"소성로 189, 5층",37.4410836,126.6693283
가족센터,연수구 가족센터,연수구,청능대로 109,37.4129687,126.6767267
가족센터,남동구 가족센터,남동구,호구포로 203-31,37.4023769,126.7062647
건강가정지원센터,부평구 건강가정지원센터,부평구,부영로 161,37.499473,126.715814
가족센터,계양구 가족센터,계양구,계양산로 102번길 5,37.5473552,126.7271556
가족센터,서구 가족센터,서구,경명대로 693번길 6,37.552508,126.6859466
한부모가족복지시설,스텔라의 집,미추홀구,승학길26번길 40,37.4402803,126.6816556
한부모가족복지시설,빈첸시아의 집,미추홀구,수봉로 33번길 64,37.4637199,126.6602405
한부모가족복지시설,모니카의집,연수구,청량로 184번길 16,37.4236879,126.6537011
한부모가족복지시설,푸르뫼Mom&Kids,연수구,청솔로 51,35.8512817,128.6204205
한부모가족복지시설,세움누리의 집,부평구,백범로478번길 8-7,37.4693951,126.69915
한부모가족복지시설,인천자모원,중   구,우현로50번길 23-2,37.4716664,126.630057
한부모가족복지시설,아담채,남동구,경신로 47,36.6213137,127.447165
정신요양시설,강화정신요양원,강화군,선원면 고식이길 20번길 19-3,37.7296693,126.4929246
정신요양시설,소망의집,서구,심곡로 132번길 22,37.5451433,126.6853895
정신재활시설(공동생활가정),라온숨,중구,도원로 20번길 34 대건하이츠 202호,37.4651212,126.6381181
정신재활시설(공동생활가정),라온제나,동구,"화도로 50번길 12, 푸른좋은집 B01호",37.4820685,126.6307532
정신재활시설(공동생활가정),꿈의둥지,미추홀구,"소성로 318번길 8-26, 302호",37.4369208,126.6822935
정신재활시설(공동생활가정),미추홀하우스,미추홀구,경인로 268번길 33-13,37.4610693,126.6698574
정신재활시설(공동생활가정),리앤리,연수구,한나루로 186번길 54,37.4246533,126.6578736
정신재활시설(공동생활가정),해피하우스,연수구,한나루로 186번길 54,37.4246533,126.6578736
정신재활시설(공동생활가정),마음자리,남동구,"경인로 599번길 26-6, 201-202호",37.4659086,126.7047199
정신재활시설(공동생활가정),희망샘,부평구,"대정로 30, 5층",37.4962156,126.72443
정신재활시설(공동생활가정),네모의 꿈,계양구,"아나지로307번길 8-1, 대경빌라트 601동302호",37.5263114,126.7263539
정신재활시설(공동생활가정),꿈을담다,서구,"서달로179번길 12-9, 2동 101호(가정동,인향아파트)",37.5154644,126.6773676
정신재활시설(주간재활),월산사회복귀시설,부평구,평천로 319-5,37.5180354,126.725619
정신재활시설(주간재활),새누리,연수구,앵고개로 183 남동부수도사업소 2층,37.4127121,126.6654442
정신재활시설(주간재활),남동정신재활시설 그루터기,남동구,"담방서로 23번길 17, 남동구장애인복지관(별관3층)",37.44724,126.7364115
정신재활시설(주간재활),해피투게더,계양구,"길마로 60, 5층",37.5335989,126.712147
